<?xml version="1.0" standalone="no"?>
<manifest identifier="_6a8AiGTpxch_course_id" version="1.3" xmlns="http://www.imsglobal.org/xsd/imscp_v1p1" xmlns:adlcp="http://www.adlnet.org/xsd/adlcp_v1p3" xmlns:adlseq="http://www.adlnet.org/xsd/adlseq_v1p3" xmlns:adlnav="http://www.adlnet.org/xsd/adlnav_v1p3" xmlns:imsss="http://www.imsglobal.org/xsd/imsss" xmlns:xsi="http://www.w3.org/2001/XMLSchema-instance" xsi:schemaLocation="http://www.imsglobal.org/xsd/imscp_v1p1 imscp_v1p1.xsd
                        http://www.adlnet.org/xsd/adlcp_v1p3 adlcp_v1p3.xsd
                        http://www.adlnet.org/xsd/adlseq_v1p3 adlseq_v1p3.xsd
                        http://www.adlnet.org/xsd/adlnav_v1p3 adlnav_v1p3.xsd
                        http://www.imsglobal.org/xsd/imsss imsss_v1p0.xsd">
  <metadata>
    <schema>ADL SCORM</schema>
    <schemaversion>CAM 1.3</schemaversion>
    <adlcp:location>metadata.xml</adlcp:location>
  </metadata>
  <organizations default="Lautverschiebung_ORG">
    <organization identifier="Lautverschiebung_ORG" adlseq:objectivesGlobalToSystem="false">
      <title>Lautverschiebung</title>
      <item identifier="Lautverschiebung_SCO" identifierref="__6a8AiGTpxch_course_id_RES" isvisible="true">
        <title>Lautverschiebung</title>
      </item>
      <metadata>
        <adlcp:location>metadata.xml</adlcp:location>
      </metadata>
      <imsss:sequencing>
        <imsss:controlMode choice="true" flow="true" />
        <imsss:deliveryControls tracked="true" completionSetByContent="false" objectiveSetByContent="false" />
      </imsss:sequencing>
    </organization>
  </organizations>
  <resources>
    <resource identifier="__6a8AiGTpxch_course_id_RES" type="webcontent" adlcp:scormType="sco" href="index_lms.html">
      <file href="story_content/thumbnail.jpg" />
      <file href="story_content/5yYkNWJCvxG_80_P_17_75_639_765_DX1368_DY1368.swf" />
      <file href="mobile/5yYkNWJCvxG_80_P_17_75_639_765_DX1368_DY1368_CX453_CY542.png" />
      <file href="mobile/5yYkNWJCvxG_80_P_17_75_639_765_DX1368_DY1368_CX453_CY542.swf" />
      <file href="story_content/6VQGCMSZFmF_80_DX1440_DY1440.swf" />
      <file href="mobile/6VQGCMSZFmF_80_DX1440_DY1440_CX720_CY544.png" />
      <file href="mobile/6VQGCMSZFmF_80_DX1440_DY1440_CX720_CY544.swf" />
      <file href="story_content/6puKPXiqo2s_80_DX1440_DY1440.swf" />
      <file href="mobile/6puKPXiqo2s_80_DX1440_DY1440_CX720_CY544.png" />
      <file href="mobile/6puKPXiqo2s_80_DX1440_DY1440_CX720_CY544.swf" />
      <file href="story_content/6i2coQu7Uvt_80_DX1440_DY1440.swf" />
      <file href="mobile/6i2coQu7Uvt_80_DX1440_DY1440_CX720_CY548.png" />
      <file href="mobile/6i2coQu7Uvt_80_DX1440_DY1440_CX720_CY548.swf" />
      <file href="story_content/6Te9G0ddPF5_80_DX1440_DY1440.swf" />
      <file href="mobile/6Te9G0ddPF5_80_DX1440_DY1440_CX720_CY540.png" />
      <file href="mobile/6Te9G0ddPF5_80_DX1440_DY1440_CX720_CY540.swf" />
      <file href="story_content/6Akhn56tovc_80_DX1434_DY1434.swf" />
      <file href="mobile/6Akhn56tovc_80_DX1434_DY1434_CX717_CY540.png" />
      <file href="mobile/6Akhn56tovc_80_DX1434_DY1434_CX717_CY540.swf" />
      <file href="story_content/WebObjects/6TwriwrxDPQ/index.html" />
      <file href="story_content/WebObjects/6TwriwrxDPQ/interaction.swf" />
      <file href="story_content/WebObjects/6TwriwrxDPQ/meta.xml" />
      <file href="story_content/WebObjects/6TwriwrxDPQ/interaction_content/67w5J3z17RO_None_656361,232_80_DX1312_DY1312.jpg" />
      <file href="story_content/WebObjects/6TwriwrxDPQ/interaction_content/blank.html" />
      <file href="story_content/WebObjects/6TwriwrxDPQ/interaction_content/data.swf" />
      <file href="story_content/WebObjects/6TwriwrxDPQ/interaction_content/fonts.swf" />
      <file href="story_content/WebObjects/6TwriwrxDPQ/interaction_content/frame.swf" />
      <file href="story_content/WebObjects/6TwriwrxDPQ/interaction_content/frame.xml" />
      <file href="story_content/WebObjects/6TwriwrxDPQ/interaction_content/interaction.js" />
      <file href="story_content/WebObjects/6TwriwrxDPQ/interaction_content/Select_22050_48.mp3" />
      <file href="story_content/WebObjects/6TwriwrxDPQ/interaction_content/thumbnail.jpg" />
      <file href="story_content/WebObjects/6TwriwrxDPQ/interaction_content/ZoomClose_22050_48.mp3" />
      <file href="story_content/WebObjects/6TwriwrxDPQ/interaction_content/ZoomOpen_22050_48.mp3" />
      <file href="story_content/WebObjects/6TwriwrxDPQ/interaction_content/slides/5agKnV0BTUk.swf" />
      <file href="story_content/WebObjects/6TwriwrxDPQ/interaction_content/slides/5o8MqDu8SK3.swf" />
      <file href="story_content/WebObjects/6TwriwrxDPQ/interaction_content/slides/5XkGQG4eyXE.swf" />
      <file href="story_content/WebObjects/6TwriwrxDPQ/interaction_content/slides/5XRoxC2coVP.swf" />
      <file href="story_content/WebObjects/6TwriwrxDPQ/interaction_content/slides/63rWGzoo8Ma.swf" />
      <file href="story_content/WebObjects/6TwriwrxDPQ/interaction_content/slides/646qo15jq8J.swf" />
      <file href="story_content/WebObjects/6TwriwrxDPQ/interaction_content/slides/6CSQ1YbsoEg.swf" />
      <file href="story_content/WebObjects/6TwriwrxDPQ/interaction_content/slides/6EcjdOGFQfx.swf" />
      <file href="story_content/WebObjects/6TwriwrxDPQ/interaction_content/slides/6g5WzhEbQES.swf" />
      <file href="story_content/WebObjects/6TwriwrxDPQ/interaction_content/slides/6jsgqSxAolU.swf" />
      <file href="story_content/WebObjects/6TwriwrxDPQ/interaction_content/slides/6SotNq9hKgF.swf" />
      <file href="story_content/WebObjects/6TwriwrxDPQ/interaction_content/slides/6Z4kp1cDE0p.swf" />
      <file href="story_content/WebObjects/6TwriwrxDPQ/interaction_content/slides/6ZUjnW1mFgW.swf" />
      <file href="story_content/6TwriwrxDPQ6P5QAVI8nlN{Width=700, Height=520}Light_80_DX1400_DY1400.jpg" />
      <file href="mobile/6TwriwrxDPQ6P5QAVI8nlN{Width=700, Height=520}Light_80_DX1400_DY1400_CX700_CY520.jpg" />
      <file href="meta.xml" />
      <file href="story_content/url.png" />
      <file href="story_content/frame.xml" />
      <file href="story_content/frame.js" />
      <file href="story_content/user.js" />
      <file href="mobile/app_store.png" />
      <file href="mobile/mobile_icon.png" />
      <file href="mobile/linen_background.jpg" />
      <file href="story_unsupported.html" />
      <file href="mobile/player.css" />
      <file href="mobile/player_compiled.js" />
      <file href="story_content/FontFactory.swf" />
      <file href="story_content/fonts.swf" />
      <file href="story_content/fonts.xml" />
      <file href="mobile/fonts.js" />
      <file href="story.swf" />
      <file href="story_content/frame.swf" />
      <file href="story_content/slides/5nTV8HbFSz5.swf" />
      <file href="story_content/slides/5WkR6Wltwtp.swf" />
      <file href="story_content/slides/5fKaWzJRBP8.swf" />
      <file href="story_content/slides/690PQDE40KS.swf" />
      <file href="mobile/slides/5nTV8HbFSz5.gz" />
      <file href="mobile/slides/5WkR6Wltwtp.gz" />
      <file href="mobile/slides/5fKaWzJRBP8.gz" />
      <file href="mobile/slides/690PQDE40KS.gz" />
      <file href="story_content/slides/6JosgjFWkrw.swf" />
      <file href="story_content/slides/5ZtGtzY6N1h.swf" />
      <file href="mobile/slides/6JosgjFWkrw.gz" />
      <file href="story_content/slides/6VxdNhiGtiN.swf" />
      <file href="mobile/slides/6VxdNhiGtiN.gz" />
      <file href="mobile/slides/5ZtGtzY6N1h.gz" />
      <file href="story_content/slides/6ShlQ6y8sqb.swf" />
      <file href="mobile/slides/6ShlQ6y8sqb.gz" />
      <file href="mobile/slides/690PQDE40KS.js" />
      <file href="mobile/slides/5WkR6Wltwtp.js" />
      <file href="mobile/slides/5nTV8HbFSz5.js" />
      <file href="mobile/slides/5fKaWzJRBP8.js" />
      <file href="mobile/slides/5ZtGtzY6N1h.js" />
      <file href="mobile/slides/6VxdNhiGtiN.js" />
      <file href="mobile/slides/6JosgjFWkrw.js" />
      <file href="mobile/slides/6ShlQ6y8sqb.js" />
      <file href="story_content/data.swf" />
      <file href="mobile/data.gz" />
      <file href="mobile/data.js" />
      <file href="mobile/masks.js" />
      <file href="story.html" />
      <file href="story_html5.html" />
      <file href="index_lms_html5.html" />
      <file href="story_content/blank.html" />
      <file href="story_content/story.js" />
      <file href="amplaunch.html" />
      <file href="mobile/mobileinstall.html" />
      <file href="index_lms.html" />
      <file href="lms/AICCComm.html" />
      <file href="lms/AICCFunctions.js" />
      <file href="lms/API.js" />
      <file href="lms/APIConstants.js" />
      <file href="lms/blank.html" />
      <file href="lms/browsersniff.js" />
      <file href="lms/Configuration.js" />
      <file href="lms/goodbye.html" />
      <file href="lms/lms.js" />
      <file href="lms/LMSAPI.js" />
      <file href="lms/NONEFunctions.js" />
      <file href="lms/SCORM2004Functions.js" />
      <file href="lms/SCORMFunctions.js" />
      <file href="lms/UtilityFunctions.js" />
    </resource>
  </resources>
</manifest>