<?xml version="1.0" standalone="no"?>
<manifest identifier="_65liBXZqi1M_course_id" version="1.3" xmlns="http://www.imsglobal.org/xsd/imscp_v1p1" xmlns:adlcp="http://www.adlnet.org/xsd/adlcp_v1p3" xmlns:adlseq="http://www.adlnet.org/xsd/adlseq_v1p3" xmlns:adlnav="http://www.adlnet.org/xsd/adlnav_v1p3" xmlns:imsss="http://www.imsglobal.org/xsd/imsss" xmlns:xsi="http://www.w3.org/2001/XMLSchema-instance" xsi:schemaLocation="http://www.imsglobal.org/xsd/imscp_v1p1 imscp_v1p1.xsd
                        http://www.adlnet.org/xsd/adlcp_v1p3 adlcp_v1p3.xsd
                        http://www.adlnet.org/xsd/adlseq_v1p3 adlseq_v1p3.xsd
                        http://www.adlnet.org/xsd/adlnav_v1p3 adlnav_v1p3.xsd
                        http://www.imsglobal.org/xsd/imsss imsss_v1p0.xsd">
  <metadata>
    <schema>ADL SCORM</schema>
    <schemaversion>CAM 1.3</schemaversion>
    <adlcp:location>metadata.xml</adlcp:location>
  </metadata>
  <organizations default="Starke_und_schwache_Verben_ORG">
    <organization identifier="Starke_und_schwache_Verben_ORG" adlseq:objectivesGlobalToSystem="false">
      <title>Starke und schwache Verben</title>
      <item identifier="Starke_und_schwache_Verben_SCO" identifierref="__65liBXZqi1M_course_id_RES" isvisible="true">
        <title>Starke und schwache Verben</title>
      </item>
      <metadata>
        <adlcp:location>metadata.xml</adlcp:location>
      </metadata>
      <imsss:sequencing>
        <imsss:controlMode choice="true" flow="true" />
        <imsss:deliveryControls tracked="true" completionSetByContent="false" objectiveSetByContent="false" />
      </imsss:sequencing>
    </organization>
  </organizations>
  <resources>
    <resource identifier="__65liBXZqi1M_course_id_RES" type="webcontent" adlcp:scormType="sco" href="index_lms.html">
      <file href="story_content/thumbnail.jpg" />
      <file href="story_content/Slide5aRhaaMXKqJ.swf" />
      <file href="story_content/_glow.swf" />
      <file href="story_content/txt__default_5pq8UuG2sFA.swf" />
      <file href="story_content/txt__default_6kLdCfIjYsa.swf" />
      <file href="story_content/txt__default_5uTDd8RKVB9.swf" />
      <file href="story_content/txt__default_5jsSnfpXEc0.swf" />
      <file href="story_content/txt__default_6bafXCWCRPN.swf" />
      <file href="story_content/txt__default_5Vl5p0l9Ofd.swf" />
      <file href="story_content/txt__default_5uKSZ378lwy.swf" />
      <file href="story_content/txt__default_5XA7aOsB0S5.swf" />
      <file href="story_content/txt__default_68P3OE7YaZT.swf" />
      <file href="story_content/txt__default_5qQvQVpKqP1.swf" />
      <file href="story_content/txt__default_5ulSQZMtsY4.swf" />
      <file href="story_content/txt__default_6WddiAIWqi6.swf" />
      <file href="story_content/txt__default_6Dzroh01qGk.swf" />
      <file href="story_content/txt__default_6AaJmeGUxVJ.swf" />
      <file href="story_content/txt__default_69mfWtnZGnX.swf" />
      <file href="story_content/txt__default_6KLPFASjQEL.swf" />
      <file href="story_content/txt__default_6GkUp74XLWR.swf" />
      <file href="story_content/txt__default_6GF5msQghgd.swf" />
      <file href="story_content/txt__default_5cyz1GTEYfL.swf" />
      <file href="story_content/txt__default_5juCDgR3wU1.swf" />
      <file href="story_content/txt__default_5z48OsLH9IX.swf" />
      <file href="meta.xml" />
      <file href="story_content/url.png" />
      <file href="story_content/frame.xml" />
      <file href="story_content/frame.js" />
      <file href="story_content/user.js" />
      <file href="mobile/app_store.png" />
      <file href="mobile/mobile_icon.png" />
      <file href="mobile/linen_background.jpg" />
      <file href="story_unsupported.html" />
      <file href="mobile/Slide5aRhaaMXKqJ.jpg" />
      <file href="mobile/txt__default_5pq8UuG2sFA.png" />
      <file href="mobile/txt__default_6kLdCfIjYsa.png" />
      <file href="mobile/txt__default_5uTDd8RKVB9.png" />
      <file href="mobile/txt__default_5jsSnfpXEc0.png" />
      <file href="mobile/txt__default_6bafXCWCRPN.png" />
      <file href="mobile/txt__default_5Vl5p0l9Ofd.png" />
      <file href="mobile/txt__default_5uKSZ378lwy.png" />
      <file href="mobile/txt__default_5XA7aOsB0S5.png" />
      <file href="mobile/txt__default_68P3OE7YaZT.png" />
      <file href="mobile/txt__default_5qQvQVpKqP1.png" />
      <file href="mobile/txt__default_5ulSQZMtsY4.png" />
      <file href="mobile/txt__default_6WddiAIWqi6.png" />
      <file href="mobile/txt__default_6Dzroh01qGk.png" />
      <file href="mobile/txt__default_6AaJmeGUxVJ.png" />
      <file href="mobile/txt__default_69mfWtnZGnX.png" />
      <file href="mobile/txt__default_6KLPFASjQEL.png" />
      <file href="mobile/txt__default_6GkUp74XLWR.png" />
      <file href="mobile/txt__default_6GF5msQghgd.png" />
      <file href="mobile/txt__default_5cyz1GTEYfL.png" />
      <file href="mobile/txt__default_5juCDgR3wU1.png" />
      <file href="mobile/txt__default_5z48OsLH9IX.png" />
      <file href="mobile/player.css" />
      <file href="mobile/player_compiled.js" />
      <file href="story_content/FontFactory.swf" />
      <file href="story_content/fonts.swf" />
      <file href="story_content/fonts.xml" />
      <file href="mobile/fonts.js" />
      <file href="story.swf" />
      <file href="story_content/frame.swf" />
      <file href="story_content/slides/6cWeA7w6fzu.swf" />
      <file href="mobile/slides/6cWeA7w6fzu.gz" />
      <file href="story_content/slides/5v3tNggQzIO.swf" />
      <file href="story_content/slides/5d1AqC0emEz.swf" />
      <file href="mobile/slides/5v3tNggQzIO.gz" />
      <file href="mobile/slides/5d1AqC0emEz.gz" />
      <file href="story_content/slides/6hYjgfbaaSO.swf" />
      <file href="story_content/slides/5oxsUwiVF7R.swf" />
      <file href="story_content/slides/5xj5fFpGibI.swf" />
      <file href="mobile/slides/6hYjgfbaaSO.gz" />
      <file href="mobile/slides/5oxsUwiVF7R.gz" />
      <file href="story_content/slides/5e3yJZJyiN1.swf" />
      <file href="story_content/slides/6qeGXcu6ua3.swf" />
      <file href="mobile/slides/5xj5fFpGibI.gz" />
      <file href="mobile/slides/6qeGXcu6ua3.gz" />
      <file href="mobile/slides/5e3yJZJyiN1.gz" />
      <file href="story_content/slides/6HGNJoYMmta.swf" />
      <file href="mobile/slides/6HGNJoYMmta.gz" />
      <file href="mobile/slides/6cWeA7w6fzu.js" />
      <file href="mobile/slides/5oxsUwiVF7R.js" />
      <file href="mobile/slides/5xj5fFpGibI.js" />
      <file href="mobile/slides/6hYjgfbaaSO.js" />
      <file href="mobile/slides/5d1AqC0emEz.js" />
      <file href="mobile/slides/5e3yJZJyiN1.js" />
      <file href="mobile/slides/5v3tNggQzIO.js" />
      <file href="mobile/slides/6qeGXcu6ua3.js" />
      <file href="mobile/slides/6HGNJoYMmta.js" />
      <file href="story_content/data.swf" />
      <file href="mobile/data.gz" />
      <file href="mobile/data.js" />
      <file href="mobile/masks.js" />
      <file href="story.html" />
      <file href="story_html5.html" />
      <file href="index_lms_html5.html" />
      <file href="story_content/blank.html" />
      <file href="story_content/story.js" />
      <file href="amplaunch.html" />
      <file href="mobile/mobileinstall.html" />
      <file href="index_lms.html" />
      <file href="lms/AICCComm.html" />
      <file href="lms/AICCFunctions.js" />
      <file href="lms/API.js" />
      <file href="lms/APIConstants.js" />
      <file href="lms/blank.html" />
      <file href="lms/browsersniff.js" />
      <file href="lms/Configuration.js" />
      <file href="lms/goodbye.html" />
      <file href="lms/lms.js" />
      <file href="lms/LMSAPI.js" />
      <file href="lms/NONEFunctions.js" />
      <file href="lms/SCORM2004Functions.js" />
      <file href="lms/SCORMFunctions.js" />
      <file href="lms/UtilityFunctions.js" />
    </resource>
  </resources>
</manifest>