<?xml version="1.0" standalone="no"?>
<manifest identifier="_6XHaYqzL2hY_course_id" version="1.3" xmlns="http://www.imsglobal.org/xsd/imscp_v1p1" xmlns:adlcp="http://www.adlnet.org/xsd/adlcp_v1p3" xmlns:adlseq="http://www.adlnet.org/xsd/adlseq_v1p3" xmlns:adlnav="http://www.adlnet.org/xsd/adlnav_v1p3" xmlns:imsss="http://www.imsglobal.org/xsd/imsss" xmlns:xsi="http://www.w3.org/2001/XMLSchema-instance" xsi:schemaLocation="http://www.imsglobal.org/xsd/imscp_v1p1 imscp_v1p1.xsd
                        http://www.adlnet.org/xsd/adlcp_v1p3 adlcp_v1p3.xsd
                        http://www.adlnet.org/xsd/adlseq_v1p3 adlseq_v1p3.xsd
                        http://www.adlnet.org/xsd/adlnav_v1p3 adlnav_v1p3.xsd
                        http://www.imsglobal.org/xsd/imsss imsss_v1p0.xsd">
  <metadata>
    <schema>ADL SCORM</schema>
    <schemaversion>CAM 1.3</schemaversion>
    <adlcp:location>metadata.xml</adlcp:location>
  </metadata>
  <organizations default="Verbtester-questionbank-test_ORG">
    <organization identifier="Verbtester-questionbank-test_ORG" adlseq:objectivesGlobalToSystem="false">
      <title>Verbtester-questionbank-test</title>
      <item identifier="Verbtester_SCO" identifierref="__6XHaYqzL2hY_course_id_RES" isvisible="true">
        <title>Verbtester-questionbank-test</title>
      </item>
      <metadata>
        <adlcp:location>metadata.xml</adlcp:location>
      </metadata>
      <imsss:sequencing>
        <imsss:controlMode choice="true" flow="true" />
        <imsss:deliveryControls tracked="true" completionSetByContent="false" objectiveSetByContent="false" />
      </imsss:sequencing>
    </organization>
  </organizations>
  <resources>
    <resource identifier="__6XHaYqzL2hY_course_id_RES" type="webcontent" adlcp:scormType="sco" href="index_lms.html">
      <file href="story_content/thumbnail.jpg" />
      <file href="story_content/Slide5aRhaaMXKqJ.swf" />
      <file href="story_content/txt__default_64aW6gomQLT.swf" />
      <file href="story_content/txt__default_6QJ2A3Aiqxy.swf" />
      <file href="story_content/txt__default_5tFH3HWrMe9.swf" />
      <file href="story_content/txt__default_6hE5tz0A1bu.swf" />
      <file href="story_content/txt__default_6dHmawgJ94D.swf" />
      <file href="story_content/txt__default_5Z5CL5dp0t1.swf" />
      <file href="story_content/txt__default_6IXuYY0rcXY.swf" />
      <file href="story_content/txt__default_6pMXKOaRqxp.swf" />
      <file href="story_content/txt__default_6qWGd6HZLFu.swf" />
      <file href="story_content/txt__default_6kGHZfIoMOb.swf" />
      <file href="story_content/txt__default_6Wd4AhOnc9y.swf" />
      <file href="story_content/txt__default_6Mb8iakdEV1.swf" />
      <file href="story_content/txt__default_5zKLXtonvHI.swf" />
      <file href="story_content/txt__default_5xdl5yA39E1.swf" />
      <file href="story_content/txt__default_6HNXu5TWwk7.swf" />
      <file href="story_content/txt__default_6lZQjf2kEI6.swf" />
      <file href="story_content/txt__default_6bkJRf4Hf3p.swf" />
      <file href="story_content/txt__default_6C1pxHJZw3D.swf" />
      <file href="story_content/txt__default_6pLxMVSTTcI.swf" />
      <file href="story_content/txt__default_6nNirlppAXv.swf" />
      <file href="story_content/txt__default_6NUYtFLvsyT.swf" />
      <file href="story_content/txt__default_6meY0SmK5uP.swf" />
      <file href="story_content/txt__default_5XNBzrS5Whw.swf" />
      <file href="story_content/txt__default_6HSJSkq2XCr.swf" />
      <file href="story_content/txt__default_6MyA1r2NxQb.swf" />
      <file href="story_content/txt__default_6QuVO2wU18R.swf" />
      <file href="story_content/txt__default_6nQvwbsrU2T.swf" />
      <file href="story_content/txt__default_6iI32VMTBvq.swf" />
      <file href="story_content/txt__default_5ljrFb1EfM0.swf" />
      <file href="story_content/txt__default_624rIETIJvg.swf" />
      <file href="story_content/txt__default_5al1TjuFxEY.swf" />
      <file href="story_content/txt__default_6B9HalORKKZ.swf" />
      <file href="story_content/txt__default_5rSeSlXwOin.swf" />
      <file href="story_content/txt__default_68lDH7cs2TY.swf" />
      <file href="story_content/txt__default_6pbfF6iZjpb.swf" />
      <file href="story_content/txt__default_5yQa1rNmhvG.swf" />
      <file href="story_content/txt__default_65QG8t98rv4.swf" />
      <file href="story_content/txt__default_6ifUyYVA14Q.swf" />
      <file href="story_content/txt__default_6eh81j1nJow.swf" />
      <file href="story_content/txt__default_6jte35I8H8j.swf" />
      <file href="story_content/txt__default_6ffwaAEaBKr.swf" />
      <file href="story_content/txt__default_6eBXnrDrs1u.swf" />
      <file href="story_content/txt__default_6HbtiabIhGT.swf" />
      <file href="story_content/txt__default_5p7bgF8JxOQ.swf" />
      <file href="story_content/txt__default_6E2CMlEqBYb.swf" />
      <file href="story_content/txt__default_6TKvX8xqves.swf" />
      <file href="story_content/txt__default_6jjQ5tBbk2i.swf" />
      <file href="story_content/txt__default_6G5RYQ6TyVU.swf" />
      <file href="story_content/txt__default_6ZPpS38rBBv.swf" />
      <file href="story_content/txt__default_5r4Y0Y2Mbta.swf" />
      <file href="story_content/txt__default_6pA2X00Wy1I.swf" />
      <file href="meta.xml" />
      <file href="story_content/frame.xml" />
      <file href="story_content/frame.js" />
      <file href="story_content/user.js" />
      <file href="mobile/app_store.png" />
      <file href="mobile/mobile_icon.png" />
      <file href="mobile/linen_background.jpg" />
      <file href="story_unsupported.html" />
      <file href="mobile/Slide5aRhaaMXKqJ.jpg" />
      <file href="mobile/txt__default_64aW6gomQLT.png" />
      <file href="mobile/txt__default_6QJ2A3Aiqxy.png" />
      <file href="mobile/txt__default_5tFH3HWrMe9.png" />
      <file href="mobile/txt__default_6hE5tz0A1bu.png" />
      <file href="mobile/txt__default_6dHmawgJ94D.png" />
      <file href="mobile/txt__default_5Z5CL5dp0t1.png" />
      <file href="mobile/txt__default_6IXuYY0rcXY.png" />
      <file href="mobile/txt__default_6pMXKOaRqxp.png" />
      <file href="mobile/txt__default_6qWGd6HZLFu.png" />
      <file href="mobile/txt__default_6kGHZfIoMOb.png" />
      <file href="mobile/txt__default_6Wd4AhOnc9y.png" />
      <file href="mobile/txt__default_6Mb8iakdEV1.png" />
      <file href="mobile/txt__default_5zKLXtonvHI.png" />
      <file href="mobile/txt__default_5xdl5yA39E1.png" />
      <file href="mobile/txt__default_6HNXu5TWwk7.png" />
      <file href="mobile/txt__default_6lZQjf2kEI6.png" />
      <file href="mobile/txt__default_6bkJRf4Hf3p.png" />
      <file href="mobile/txt__default_6C1pxHJZw3D.png" />
      <file href="mobile/txt__default_6pLxMVSTTcI.png" />
      <file href="mobile/txt__default_6nNirlppAXv.png" />
      <file href="mobile/txt__default_6NUYtFLvsyT.png" />
      <file href="mobile/txt__default_6meY0SmK5uP.png" />
      <file href="mobile/txt__default_5XNBzrS5Whw.png" />
      <file href="mobile/txt__default_6HSJSkq2XCr.png" />
      <file href="mobile/txt__default_6MyA1r2NxQb.png" />
      <file href="mobile/txt__default_6QuVO2wU18R.png" />
      <file href="mobile/txt__default_6nQvwbsrU2T.png" />
      <file href="mobile/txt__default_6iI32VMTBvq.png" />
      <file href="mobile/txt__default_5ljrFb1EfM0.png" />
      <file href="mobile/txt__default_624rIETIJvg.png" />
      <file href="mobile/txt__default_5al1TjuFxEY.png" />
      <file href="mobile/txt__default_6B9HalORKKZ.png" />
      <file href="mobile/txt__default_5rSeSlXwOin.png" />
      <file href="mobile/txt__default_68lDH7cs2TY.png" />
      <file href="mobile/txt__default_6pbfF6iZjpb.png" />
      <file href="mobile/txt__default_5yQa1rNmhvG.png" />
      <file href="mobile/txt__default_65QG8t98rv4.png" />
      <file href="mobile/txt__default_6ifUyYVA14Q.png" />
      <file href="mobile/txt__default_6eh81j1nJow.png" />
      <file href="mobile/txt__default_6jte35I8H8j.png" />
      <file href="mobile/txt__default_6ffwaAEaBKr.png" />
      <file href="mobile/txt__default_6eBXnrDrs1u.png" />
      <file href="mobile/txt__default_6HbtiabIhGT.png" />
      <file href="mobile/txt__default_5p7bgF8JxOQ.png" />
      <file href="mobile/txt__default_6E2CMlEqBYb.png" />
      <file href="mobile/txt__default_6TKvX8xqves.png" />
      <file href="mobile/txt__default_6jjQ5tBbk2i.png" />
      <file href="mobile/txt__default_6G5RYQ6TyVU.png" />
      <file href="mobile/txt__default_6ZPpS38rBBv.png" />
      <file href="mobile/txt__default_5r4Y0Y2Mbta.png" />
      <file href="mobile/txt__default_6pA2X00Wy1I.png" />
      <file href="mobile/player.css" />
      <file href="mobile/player_compiled.js" />
      <file href="story_content/FontFactory.swf" />
      <file href="story_content/fonts.swf" />
      <file href="story_content/fonts.xml" />
      <file href="mobile/fonts.js" />
      <file href="story.swf" />
      <file href="story_content/frame.swf" />
      <file href="story_content/slides/6mlQmp7f0nQ.swf" />
      <file href="story_content/slides/6SUqLP91v4Z.swf" />
      <file href="story_content/slides/6rMcTOdD9UR.swf" />
      <file href="mobile/slides/6mlQmp7f0nQ.gz" />
      <file href="mobile/slides/6SUqLP91v4Z.gz" />
      <file href="mobile/slides/6rMcTOdD9UR.gz" />
      <file href="mobile/slides/6mlQmp7f0nQ.js" />
      <file href="mobile/slides/6rMcTOdD9UR.js" />
      <file href="mobile/slides/6SUqLP91v4Z.js" />
      <file href="story_content/slides/6Nk4Ok9AIsc.swf" />
      <file href="story_content/slides/5erdToICQzF.swf" />
      <file href="story_content/slides/6MQzQjYWOAD.swf" />
      <file href="story_content/slides/5nJ4U8tNo0J.swf" />
      <file href="story_content/slides/6RwVJpUWfPV.swf" />
      <file href="story_content/slides/5the6RFBXYC.swf" />
      <file href="story_content/slides/697VQDpGR8l.swf" />
      <file href="story_content/slides/6pr1IzPfLLn.swf" />
      <file href="story_content/slides/6gbOtneTUqz.swf" />
      <file href="mobile/slides/6Nk4Ok9AIsc.gz" />
      <file href="mobile/slides/6MQzQjYWOAD.gz" />
      <file href="mobile/slides/5erdToICQzF.gz" />
      <file href="mobile/slides/5the6RFBXYC.gz" />
      <file href="mobile/slides/697VQDpGR8l.gz" />
      <file href="mobile/slides/5nJ4U8tNo0J.gz" />
      <file href="mobile/slides/6gbOtneTUqz.gz" />
      <file href="mobile/slides/6pr1IzPfLLn.gz" />
      <file href="mobile/slides/6RwVJpUWfPV.gz" />
      <file href="mobile/slides/6MQzQjYWOAD.js" />
      <file href="mobile/slides/6Nk4Ok9AIsc.js" />
      <file href="mobile/slides/5the6RFBXYC.js" />
      <file href="mobile/slides/5erdToICQzF.js" />
      <file href="mobile/slides/697VQDpGR8l.js" />
      <file href="mobile/slides/6RwVJpUWfPV.js" />
      <file href="mobile/slides/6gbOtneTUqz.js" />
      <file href="mobile/slides/5nJ4U8tNo0J.js" />
      <file href="mobile/slides/6pr1IzPfLLn.js" />
      <file href="story_content/slides/5wa3QGbv52y.swf" />
      <file href="mobile/slides/5wa3QGbv52y.gz" />
      <file href="story_content/slides/5hERwqDmdGu.swf" />
      <file href="story_content/slides/5nUxWEFG9W5.swf" />
      <file href="story_content/slides/5l4DdkqrR7T.swf" />
      <file href="mobile/slides/5hERwqDmdGu.gz" />
      <file href="mobile/slides/5nUxWEFG9W5.gz" />
      <file href="mobile/slides/5wa3QGbv52y.js" />
      <file href="story_content/slides/5mJFGyIxirj.swf" />
      <file href="mobile/slides/5l4DdkqrR7T.gz" />
      <file href="mobile/slides/5mJFGyIxirj.gz" />
      <file href="story_content/slides/6jO8elmVJZC.swf" />
      <file href="mobile/slides/5hERwqDmdGu.js" />
      <file href="mobile/slides/5nUxWEFG9W5.js" />
      <file href="story_content/slides/6Hz9deGlgsy.swf" />
      <file href="story_content/slides/6OwQMagiSEC.swf" />
      <file href="mobile/slides/6jO8elmVJZC.gz" />
      <file href="mobile/slides/6Hz9deGlgsy.gz" />
      <file href="mobile/slides/6OwQMagiSEC.gz" />
      <file href="mobile/slides/5l4DdkqrR7T.js" />
      <file href="mobile/slides/5mJFGyIxirj.js" />
      <file href="mobile/slides/6jO8elmVJZC.js" />
      <file href="mobile/slides/6OwQMagiSEC.js" />
      <file href="mobile/slides/6Hz9deGlgsy.js" />
      <file href="story_content/data.swf" />
      <file href="mobile/data.gz" />
      <file href="mobile/data.js" />
      <file href="mobile/masks.js" />
      <file href="story.html" />
      <file href="story_html5.html" />
      <file href="index_lms_html5.html" />
      <file href="story_content/blank.html" />
      <file href="story_content/story.js" />
      <file href="amplaunch.html" />
      <file href="mobile/mobileinstall.html" />
      <file href="index_lms.html" />
      <file href="lms/AICCComm.html" />
      <file href="lms/AICCFunctions.js" />
      <file href="lms/API.js" />
      <file href="lms/APIConstants.js" />
      <file href="lms/blank.html" />
      <file href="lms/browsersniff.js" />
      <file href="lms/Configuration.js" />
      <file href="lms/goodbye.html" />
      <file href="lms/lms.js" />
      <file href="lms/LMSAPI.js" />
      <file href="lms/NONEFunctions.js" />
      <file href="lms/SCORM2004Functions.js" />
      <file href="lms/SCORMFunctions.js" />
      <file href="lms/UtilityFunctions.js" />
    </resource>
  </resources>
</manifest>