<?xml version="1.0" standalone="no"?>
<manifest identifier="_69Gjo2EWWlA_course_id" version="1.3" xmlns="http://www.imsglobal.org/xsd/imscp_v1p1" xmlns:adlcp="http://www.adlnet.org/xsd/adlcp_v1p3" xmlns:adlseq="http://www.adlnet.org/xsd/adlseq_v1p3" xmlns:adlnav="http://www.adlnet.org/xsd/adlnav_v1p3" xmlns:imsss="http://www.imsglobal.org/xsd/imsss" xmlns:xsi="http://www.w3.org/2001/XMLSchema-instance" xsi:schemaLocation="http://www.imsglobal.org/xsd/imscp_v1p1 imscp_v1p1.xsd
                        http://www.adlnet.org/xsd/adlcp_v1p3 adlcp_v1p3.xsd
                        http://www.adlnet.org/xsd/adlseq_v1p3 adlseq_v1p3.xsd
                        http://www.adlnet.org/xsd/adlnav_v1p3 adlnav_v1p3.xsd
                        http://www.imsglobal.org/xsd/imsss imsss_v1p0.xsd">
  <metadata>
    <schema>ADL SCORM</schema>
    <schemaversion>CAM 1.3</schemaversion>
    <adlcp:location>metadata.xml</adlcp:location>
  </metadata>
  <organizations default="Bedeutungswandel_ORG">
    <organization identifier="Bedeutungswandel_ORG" adlseq:objectivesGlobalToSystem="false">
      <title>Bedeutungswandel</title>
      <item identifier="Lautwandel_SCO" identifierref="__69Gjo2EWWlA_course_id_RES" isvisible="true">
        <title>Bedeutungswandel</title>
        <imsss:sequencing>
          <imsss:controlMode choice="true" flow="true" />
          <imsss:deliveryControls tracked="true" completionSetByContent="true" objectiveSetByContent="true" />
        </imsss:sequencing>
      </item>
      <metadata>
        <adlcp:location>metadata.xml</adlcp:location>
      </metadata>
      <imsss:sequencing>
        <imsss:controlMode choice="true" flow="true" />
        <imsss:deliveryControls tracked="true" completionSetByContent="false" objectiveSetByContent="false" />
      </imsss:sequencing>
    </organization>
  </organizations>
  <resources>
    <resource identifier="__69Gjo2EWWlA_course_id_RES" type="webcontent" adlcp:scormType="sco" href="index_lms.html">
      <file href="quiz_content/thumbnail.jpg" />
      <file href="quiz_content/Slide5aRhaaMXKqJ.swf" />
      <file href="quiz_content/6mIM27NVvDo_80_DX220_DY220.swf" />
      <file href="mobile/6mIM27NVvDo_80_DX220_DY220_CX110_CY44.png" />
      <file href="mobile/6mIM27NVvDo_80_DX220_DY220_CX110_CY44.swf" />
      <file href="quiz_content/5jneWfFb6Ld_80_DX252_DY252.swf" />
      <file href="mobile/5jneWfFb6Ld_80_DX252_DY252_CX126_CY57.png" />
      <file href="mobile/5jneWfFb6Ld_80_DX252_DY252_CX126_CY57.swf" />
      <file href="quiz_content/5qC67xlIhBX_80_DX220_DY220.swf" />
      <file href="mobile/5qC67xlIhBX_80_DX220_DY220_CX110_CY49.png" />
      <file href="mobile/5qC67xlIhBX_80_DX220_DY220_CX110_CY49.swf" />
      <file href="quiz_content/6MYmrqUzVwm_80_DX252_DY252.swf" />
      <file href="mobile/6MYmrqUzVwm_80_DX252_DY252_CX126_CY58.png" />
      <file href="mobile/6MYmrqUzVwm_80_DX252_DY252_CX126_CY58.swf" />
      <file href="quiz_content/5gdoZLnW0O5_80_DX214_DY214.swf" />
      <file href="mobile/5gdoZLnW0O5_80_DX214_DY214_CX107_CY48.png" />
      <file href="mobile/5gdoZLnW0O5_80_DX214_DY214_CX107_CY48.swf" />
      <file href="quiz_content/5qAZyLG3Mlb_80_DX220_DY220.swf" />
      <file href="mobile/5qAZyLG3Mlb_80_DX220_DY220_CX110_CY44.png" />
      <file href="mobile/5qAZyLG3Mlb_80_DX220_DY220_CX110_CY44.swf" />
      <file href="quiz_content/Shape614qjEKncy6.swf" />
      <file href="meta.xml" />
      <file href="quiz_content/frame.xml" />
      <file href="quiz_content/frame.js" />
      <file href="quiz_content/user.js" />
      <file href="mobile/app_store.png" />
      <file href="mobile/mobile_icon.png" />
      <file href="mobile/linen_background.jpg" />
      <file href="quiz_unsupported.html" />
      <file href="mobile/Slide5aRhaaMXKqJ.jpg" />
      <file href="mobile/player.css" />
      <file href="mobile/player_compiled.js" />
      <file href="quiz_content/fonts.swf" />
      <file href="quiz_content/fonts.xml" />
      <file href="mobile/fonts.js" />
      <file href="quiz.swf" />
      <file href="quiz_content/frame.swf" />
      <file href="quiz_content/slides/6CxwtUmtpdC.swf" />
      <file href="mobile/slides/6CxwtUmtpdC.gz" />
      <file href="mobile/slides/6CxwtUmtpdC.js" />
      <file href="quiz_content/slides/5lP4k8GY5px.swf" />
      <file href="mobile/slides/5lP4k8GY5px.gz" />
      <file href="mobile/slides/5lP4k8GY5px.js" />
      <file href="quiz_content/slides/6mCzGeei05a.swf" />
      <file href="mobile/slides/6mCzGeei05a.gz" />
      <file href="mobile/slides/6mCzGeei05a.js" />
      <file href="quiz_content/slides/5vp19nskPNx.swf" />
      <file href="mobile/slides/5vp19nskPNx.gz" />
      <file href="mobile/slides/5vp19nskPNx.js" />
      <file href="quiz_content/slides/5p7YeWkGTvM.swf" />
      <file href="mobile/slides/5p7YeWkGTvM.gz" />
      <file href="mobile/slides/5p7YeWkGTvM.js" />
      <file href="quiz_content/slides/69cUcLyLeAY.swf" />
      <file href="mobile/slides/69cUcLyLeAY.gz" />
      <file href="mobile/slides/69cUcLyLeAY.js" />
      <file href="quiz_content/slides/5b1du6KRlkV.swf" />
      <file href="mobile/slides/5b1du6KRlkV.gz" />
      <file href="mobile/slides/5b1du6KRlkV.js" />
      <file href="quiz_content/slides/6VT4mDo5h69.swf" />
      <file href="mobile/slides/6VT4mDo5h69.gz" />
      <file href="mobile/slides/6VT4mDo5h69.js" />
      <file href="quiz_content/slides/5kE2o4OxV0A.swf" />
      <file href="mobile/slides/5kE2o4OxV0A.gz" />
      <file href="mobile/slides/5kE2o4OxV0A.js" />
      <file href="quiz_content/data.swf" />
      <file href="mobile/data.gz" />
      <file href="mobile/data.js" />
      <file href="mobile/masks.js" />
      <file href="quiz.html" />
      <file href="quiz_html5.html" />
      <file href="index_lms_html5.html" />
      <file href="quiz_content/blank.html" />
      <file href="quiz_content/quiz.js" />
      <file href="ioslaunch.html" />
      <file href="mobile/mobileinstall.html" />
      <file href="index_lms.html" />
      <file href="lms/AICCComm.html" />
      <file href="lms/AICCFunctions.js" />
      <file href="lms/API.js" />
      <file href="lms/APIConstants.js" />
      <file href="lms/blank.html" />
      <file href="lms/browsersniff.js" />
      <file href="lms/Configuration.js" />
      <file href="lms/goodbye.html" />
      <file href="lms/lms.js" />
      <file href="lms/LMSAPI.js" />
      <file href="lms/NONEFunctions.js" />
      <file href="lms/SCORM2004Functions.js" />
      <file href="lms/SCORMFunctions.js" />
      <file href="lms/UtilityFunctions.js" />
    </resource>
  </resources>
</manifest>