﻿<?xml version="1.0" encoding="utf-8"?><bwFonts xmlns:xsi="http://www.w3.org/2001/XMLSchema-instance" xmlns:xsd="http://www.w3.org/2001/XMLSchema" fontfactoryurl="story_content/FontFactory.swf"><font id="00" name="Open SansBold Charset1 5XF8QcCZqYH"><glyphs><g i="0" c="384" p="#^DP$v%jL$v%UIDmMI7mrIzk6I_i3Isi$H6jIHzkpH0mfHEm%RE$v%yA$v%$v9e%Jz9e%$BUnBCAqSCzsXCSrcDpqtDYoID8o%iG9e%TJ9e%tM8oEMPoUMcq9NAriNzspNCrGNbqYNMoaOUn%rQ9e%aU9e" /><g i="1" c="385" p="#^VA8pVAarABdsfCgtLDgteFgtUFesyGbryG8pyG6nTF6mdF5lJD5leC5lzB6mVA6nVA8p^mK8pmKusBInuRGfwIDfwKBfweAovKywuWxVs6xir6x8p6xOlSyYjCA5iMD5iKF5ieHYiKIOjyJplmK$mmK8p" /><g i="2" c="386" p="#^DH$v%7Hfu%WGfukGcvdFKv7EfwJCfwjAfw5zZuTxGtTxfr%Txmi%BBmi%BBkqBBNr6CxsEChtODhtmFht2GesLGbrLGMo%LGmi%uKmi%uK$v" /><g i="3" c="387" p="%^GB$vYx$vYx$cGB$c" /><g i="4" c="388" p="#^gCfwSzfwuynu6xvs6xbp6xQlvyZjVz5inC5iYE5iiG5k%qG5k8Gzi8Gmh%8G$c%TJ$c%TJ$v%0H$v%iGeu%8GeuTEfwgCfw^ADht$EhtGFsslGCrpGDp%pGdppG0nJF4m2F7lwD7lgC7lABbmUAenUAfpUAgrABhshChtADht" /><g i="5" c="389" p="#" /><g i="6" c="390" p="#^$vmi%3Ami%EC1qZC1r5Dos%aDosiD8rHD1q%dGmi%dKmi%rEKxEDTzaCXAIA$BKy$BNx$BRwNB%RwQywx$yjy$yiz$y1AoyNANxbBzw%pBVv" /><g i="7" c="391" p="#^NxPeNx$cPz$cRB$cRBPeRBHfkBagQAFgPzFgNxFgNxPe^GB$v%Yx$v%Yxmi%GBmi" /><g i="8" c="392" p="%^wBAo8DvmZGmi9LmiLFgovL$vcH$vgDtqGBLrGB$vYx$vYx$cGB$cGBtltBAo" /><g i="9" c="393" p="#^BDLkpCLkKBvl4BemZADn%bGDnaGemtFvlNELkBDLk^7EfwQAfwZyru6xCs6xgp6xQlQyZjyA5iAD5itG5i4ILjHJolHJio%HJ6q%UA6qYAHrQBBsICutiEutwFutCGetJHZsWIps%WIhvXHMvQG$vJFfw7Efw" /><g i="10" c="394" p="#^IDhtGEht2GRs%2GDvFEfwDCfwoAfwmz6vlyZtlyKr%ly9l%zw9l%zwAj%Dyki%Hzsf%4Csf%4Cmi%VFmi%VF9l%4C9l%4CJr4CwswCVsZChtIDht" /><g i="11" c="395" p="#^zF5ikG5iQGci%yGHl5GzlsFzlFDzlFCumGBonGB2p%GB$v%Yx$v%Yxmi%MAmi%jBEk%vBEk8CujdDOiiE5izF5i" /><g i="12" c="396" p="#^tHYrtH2u$F9vyEfwEBfw9Afw6z2w3yRv8xsv%8xnsaySstzctNAxtMBxtNDxtNDlsNDVrwDErfDmrBC0rXBGqQAcqgzypwy_oNxqorxIn6xZm6xVl6x4kwy5jXz5iwC5i_E5ijH9j%bGSlaFplhE8loDSksCSkPASkPALlPAfmlBDmTB_mGDIngFlo$FVoLGtp6HcqtHXqtHYr" /><g i="13" c="397" p="#^9K$v%rG$v%rG1orGxmXFPlsF4loE4lZC4ljC7mGBanGBAp%GB$v%Yx$v%Yxmi%OAmi%iB5k%vB5k1C9j4DDi7E5itF5ixI5iCJ5k%XJ5kvK8jzLDiDM5iZN5iiQ5iuRhjGStkGS5n%GS$v%XO$v%XO1oXOxmrOPlYN4lUM4lwL4lQK2m9K0n9K8p" /><g i="14" c="398" p="%^aJ$v7IdrIGblCGbl7E$v7A$vewmiYzmiwBoo#VB0qiCTsmCTs#qCXrOCWp_CUoGEmiNIminKUo#qK9pxKHp#EKcqKKOq#QKorVKZr#_Kxs$KTs4LTs#bL_rtLsq#LLWoTLoovNmi9RmidN$v" /><g i="15" c="399" p="#^yK$v%QG$v%QG1oQG4lDE4l3D4lmC8mGBbnGBAp%GB$v%Yx$v%Yx$c%GB$c%GBSgGBjhAB_i%vB5k%HB5kXC5iFF5i3I5iiJojyKGkyK5n" /><g i="16" c="400" p="#^vF9l%gC9l%gC$v%yy$v%yy9l%vw9l%vwmj%yymi%yylhyy0fHzYdRATcnDTciFTcOGrd%RFagJEQfMDQf_CQfDCiggCMggCvh%gCmi%vFmi" /><g i="17" c="401" p="#^vF9l%gC9l%gC$v%yy$v%yy9l%vw9l%vwmj%yymi%yylhyy0fHzYdRATcnDTciFTcOGrd%RFagJEQfMDQf_CQfDCiggCMggCvh%gCmi%vFmi^bP9l%YL9l%YL$v%eI$v%eI9l%bG9l%bGmj%eImi%eIlheI0fnJYdxKTc3NTc_OTcuQrd%xPagpOQfsNQfGMQfjMigYLMgYLvh%YLmi%bPmi" /><g i="18" c="403" p="#^mz4q%mzapmz$nSz8nmAgmHBhlZCmknDOjNDdjNDwiNDJhcDjhDCUgzBUgKzUgox4i%3wpfNyUdRBUdlEUdQF5fjHigjHjijHFjIGEk5GCloEQmdDInVC9oBCCoBClp%BC4q^ZyfuZydtwzIs3Aas7Bas7CasGCIseDeteDfueDcvGCMv7Ckw7Bkw5AkwxzNvZyevZyfu" /><g i="19" c="404" p="%^ODvlwH9eBL9eGF2pGF$vVB$vVBap_v9e5A9e" /><g i="20" c="405" p="#^uDfw6xfw6xfp6xMlRyXjAA5iPD5ibG5i4I0j%ZGUl5GxlkFjlAE5lPD5lVA5lVAdpVAetPDetUEetPFYsKGFsEH2s%EHevKGOvPF0wUEfwuDfw" /><g i="21" c="406" p="#^rFfw1DfwGBvu%tBvuGBcwGBtw%GB$B%Yx$B%Yxmi%ZAmi%vB6k%GB6k_C5iyF5iYH5ikJZjIKQlIK8pIKkr3KYsqJzueIpv2HfwrFfw^lE4lZC4lkCWlHBMmGBJo%GB7pGBkrkChs_CetoEetVGetVG5pVG4nhG4mGF4llE4l" /><g i="22" c="407" p="#^BDkt0FktGFwslGIrpGGp%pGdppG0nJF4m2F7lyD7lVA7lVAfpVAirzBjsdCktBDkt^gCfwSzfwuyou6xws6xbp6xRlvyZjVz5ilC5iED5iBEAizF3jiG5k%pG5k%KGmi%TJmi%TJ$B%8G$B%8Ghw8GxviGeu%8GeuyFdvyEKvzDfwgCfw" /><g i="23" c="408" p="#^yK$v%QG$v%QG1oQGxmiGPlNF4lDE4l3D4lmC7mGB9nGBAp%GB$v%Yx$v%Yxmi%OAmi%iB5k%vB5k7C5jdDBijE5iIF5i4I5ijJnjyKFkyK5n" /><g i="24" c="409" p="#^yF5iYH5ikJ_jIKSlIK8pIKxshJouTHfwrFfw1DfwGBvu%pBvu%OA$v%Yx$v%Yx$c%GB$c%GBqhGBfiwB6k%GB6kZC5iyF5i^lE4lZC4lkCWlHBMmGBJo%GB7pGBkrkChs_CetoEetyFetdGasVG6rVG5pVG4ndG4mxF4llE4l" /><g i="25" c="410" p="#^QJli%QJdk%HHNkhIHlhIRmhI1pKGgqcFvruCvr%PBsr%gBorHAQrHAnsHAatLCat%3FatjHatuI8uGJ5vGJZwGJmzGHGAGF$BXB$B4z$Bzx$A3w$z3wdy3w_wQw9wCxkv5zZuwyJu5yauGxCtGx_sGxds6yIrzyarqzGqlycqJxbp5x9o5xMm5xxkyyjj$z5iHC5igD5i2EbiREhi3Fli^hzWxhzHy0A7zMAAz5CAz5EAzeF0znGtynGwxnGLwIFsw1FawDDaw%HBawGAawZzEwhz7xhzWx^EAPmEAXn8BBoFBepHCepLDepeEBoJEXnJEPmJEmkHCmkEAmkEAPm" /><g i="26" c="411" p="#^qxfuqxdtZxIswyaszzasAAas7BIsHBetHBfuHBcv7BMvzAkwzzkwyykw_xNvqxevqxfu" /><g i="27" c="412" p="%^wI$vey$vey9ewI9ewIfh0Cfh0Cal3Ial3Igo0Cgo0CTswITs" /><g i="28" c="413" p="#^CG$v%UF8u%NF8uREjvRDNvSCfwgBfwizfway7v2x$t2xWr2xLpzyJo4AHn8DAn%vFwn%vFVmvFRkoDRkLBRkyzQl%jyjjGA4ixD4ihG4iKHhjcJtkcJVm%cJ$v^vFHp%3EKpsCNpFBjqSARqSAYrSAxtGCxtYDxtJENsvF1svFOq" /><g i="29" c="414" p="#^vF9l%gC9l%gC$v%yy$v%yy9l%vw9l%vwmj%yymi%yylhyy0fHzYdRATcnDTciFTcOGrd%RFagJEQfMDQf_CQfDCiggCMggCvh%gCmi%vFmi^tHPetH$cvJ$cxL$cxLPexLHf0LagwKFgvJFgtHFgtHPe^mL$v%EH$v%EHmi%mLmi" /><g i="30" c="415" p="#^qxfuqxdtZxIswyaszzasAAas7BIsHBetHBfuHBcv7BMvzAkwzzkwyykw_xNvqxevqxfu^qxakqx8jZxDiwy5izz5iAA5i7BDiHB9jHBakHB9l7BIlzAfmzzfmyyfm_xJlqxalqxak" /><g i="31" c="418" p="#^MI2rMIst1HSuiFfwbCfwlzfw8xav%8xFrXyssbAOssB7tuC7tKD7toEFs3Fas3Fdr3FIqMEiqtETpVDvplD7pBBioYzxn8zQmky6mQxallxdklxZilxBgYyffzAUdoDUdNEUd2GdejHyeHI8f%tH5i1Gvh5FhhaE2hgD2hbC2hCByh2B2i2BRi2BljhBJjwB5k0CrkwCNkpEHlWGUmRH5oMIipMI2r" /><g i="32" c="419" p="#^ey9e%OD9eBH9eiJef0Ljg0LFi0LgkgKilwJjmgIvm%gIEmZJ0nJK3otL5ptLPqtLftIJDuXH$vWE$v%ey$v^0Cdl%dEdlMFdlsGLk8Hgk8H9j8H8ioGIhEFfh0Efh%0Cfh^0Cdo%0CTs%uETs2GTsOGhsyHGryHrqyHdomEdo" /><g i="33" c="420" p="%^7F$vlB$vlBjhvwjhvw9eZJ9eZJjh7Fjh" /><g i="34" c="421" p="%^KA1plwmizAmidDHmUFmi6KmiGF1pkK$v5G$vdDkrlA$v6w$v" /></glyphs></font><font id="10" name="Open Sans Charset1 6gkVrtGOppd"><glyphs><g i="0" c="384" p="%^_C4nLH9e$J9e1E4p1E$vXB$vXBap$v9egy9e" /><g i="1" c="385" p="#^ODfwQAfw6zruoxDsoxqpoxam_yhkAAnigDniNFnifH1kJIGlJIoo%JIGp%vzGpzz1sHAgtPBuuTDuu1Guu8IAt%8Inv3HRv6G2w9FfwODfw^fD4kEB4kGA7lJzamyz1o%yG1oyG6mHF5lQE4kfD4k" /><g i="2" c="386" p="#^MGlsMGdunFev_DfwtBfwPyfwkxov%kxwthy$toziuvAAuwBAu6DAuYD4uPEztPEwsPEKr7EbrsDDqvBSpDzapQyFo2y7oFxtnhxPmhxUlhxgkCykjYznigCniqEniuGfj%MFVkLD4k7C4kGA4kXzxkdzZkdzMldzimuzHmMz3nnApn_AKnJCoo5FfpWF8qMG0rMGls" /><g i="3" c="387" p="%^oM$v0K$vgA0haA0h#mAFjmARlmA$vsy$vsy9eOA9ewK3tCK3t#BKKsvKYq#qK9prKoorK9eoM9e" /><g i="4" c="388" p="#^HJipHJzs1IpuoGfwuDfwHBfwiApvVyzu8y_soxproxipox0m1zckGAnizDninGni1IfkHJ6mHJip^vzhpvzSrwActyByuxDyuwFyuyGctAHSrAHhpAHKmyGqlwF5kwD5kwB5kvAplvzImvzhp" /><g i="5" c="389" p="#^XN2nXNkrMLOtCJfwLFfwOBfwFzRtwxqrwx1nwxGiFzhgPBTdMFTdCJTdMLjgXNLiXN2n^Jz2nJzHqfBzsOCruLFruJIrudKzsKLHqKL2nKLsjdKBhJIKfMFKfOCKffBChJztjJz2n" /><g i="6" c="390" p="%^lL$vUI$voClnwA$owA$vsy$vsy9ewA9ewA$mCI9e3L9eUDVl" /></glyphs></font><font id="20" name="ArialBold Charset1 5c5tKcE8iyE"><glyphs><g i="0" c="880" p="#^8Grp%8Gpm%XNpm%XNxtOMDuEKtvuIjwhGjwtDjwnB8vizYtfyMrcxzpcx_mcxbkmy0ixzRfOBHewDOd4GOdpJOdhLcf9NBgIN3j%6KKjJJpiGIFhEHUg4GUgIDUgjCoiWAUjWARmWA1qkCDrLDdt2GdtaHdtjINssJkshKHr%hKrp" /><g i="1" c="881" p="#^4B$v%Ex$v%Ex1j%QA1j%QASkEBzjiC9jYCLiNDLiYELi2Goj%ZEnm6EQlnDQlECQl8CdmEBCmmBFn4BHo4B_r" /><g i="2" c="882" p="#^jG$v%jG2uBF5vrEIviDiw0CiwIAiwGzJvEy8vay6uJx3tJxer%Jx1j%9B1j%9B_o9BJrlBksxBXs0CjtwCGthDGt9EGtREbtyFIsOF_r3Ggr3Guo%3G1j%vJ1j%vJ$v" /><g i="3" c="883" p="#^AJ$v%8G$v%8Gnp8GhnVFGmHF2mbFJlIEnl0Enl7DnlqCSlJBlmsB9ncBYncB7q%cB$v%Mx$v%Mx1j%YA1j%YAWkECLidFLilGLihH9jeIzjIIckbJQknJElAJrmAJXn" /><g i="4" c="886" p="#^GJ$v%uG$v%uG5uHFcvCELvxDiwrCiwcAiwCyvu1xHs1xtp1xamzytk6ALiuCLiEELieGyk%eG5e%GJ5e^yAepyAjr5BfsXBBtqDBtBEBtqFBsfGArfGzpfGknrFmmEEnlnDnlaCnlmBlmyAjnyAep" /><g i="5" c="887" p="%^Ox$vOx5eeB5eeB$v" /><g i="6" c="888" p="#^mA$m%fxrmMxyk2zFjkALiSCLi9FLihGhjpHPjSHFkkIvlkIKn%hIKrhIrtrIfuCI3v3J$v%GF$vxFFvkF_ufFGudFAukErvkDTvkCiwbBiwbziw1ycvUw6uUwssUwmrpxvqXxEpTybpQzJoCBno0EXnYEyn%YEcnYEcmsEOlZDnlCCnlIBnlbBKlGA5mmA$m^YENphE$pSCjqrBCq_AUqkAnrkA5skAPsSAltoBTtdCTt9DTt$DgtCEOsPE7sYEHrYEsq" /><g i="7" c="889" p="#^txRw%oBjxuB$xQBgykCEynDEyJEEyoFeyRFZx3GmxeGXweGOv%eGUtIE$vmC$vLz$vdyNt1x2s1xrp1xbmBytk9ALivCLiUELitGSk%tG1j%GJ1j%GJFuGJYwhJ5yVIezdITzxHxAoGUAfFgBvDgBcAgBQy7Asx_ysxfxsx4xtxRw^yAfpyAjrkBhs7CethDetyEetpFfshGgrhGkphGjnsFlmDEnlmDnl7CnlkBkmyAhnyAfp" /><g i="8" c="895" p="#^iFTr%JIss2IkuDGjvcFiw4DiwHziw4y4uOwjsOwCpOwomtyAk9ALiKCLiDFLiiHFkZIzmVIwq%jAwqlA1s7BUsWBKt6DKtVDKtsEit0FRsiFTr^vFqosFWmJE9m_DnlXCnlPBnl5BbmmA$mmAqo" /><g i="9" c="896" p="#^FIPs%FI$v%Dw$vPwbuNxAsMyYqFBhoZD6mvElldFhkdFfjdF5iBEuh_DTgUCTgPBTgaBwhyA9isAGj%1xkjkxugXygfyA1eZC1eDF1e8HsfFITgFI$iFIdkdIjlNHomRGBndGooAETpYCmrwCSr5ClsQBPs" /><g i="10" c="897" p="%^Nx$vNxzsdBzsdB$v" /><g i="11" c="898" p="#" /><g i="12" c="899" p="%^Wx$vWxfexBfexBZswKZswK$v" /><g i="13" c="907" p="#^KD1j%KDMl%oBMl%oB_qoBAssBRswB6tLBht$BstlCstPCstJD6t%0ENvPCiwiBiwnAiwDz_vUyGvxyavbyGu3yQtYxetYxqr%YxMl%nwMl%nw1j%Yx1j%Yxsg%oBre%oB1j" /><g i="14" c="909" p="#^mB$v%7w1j%Jz1j%bCEp%TCSraD0rfDKqqDbqCDEp%3G1j%BJ1j%sE$v" /><g i="15" c="930" p="#^Bwjs%1ANrfAMsWAitBBPtOCPt7EPtPEjtgFZsgFpsgF0s0FLrLEwrSDjrIzoqByEp3xBo3xJm3x1loyUjJzLiwCLiaFLitGDjMHukgIbm%1FNmPE0meEDlFDdlACdldBdlEABlfASlfAhmfAFmAAVm2BfnNDTnxGuoDHopIIjqIIXrIIJtcH0vJFiwOCiw9AiwCydv3x8uBwjs" /><g i="16" c="975" p="#^5JTm%JFunyFtmXEZlkEslmDsl4CsljBlmyAdnyAhpyABrjBys5CvtpDvtnEvt$EXsDFnsUF1r%gJCrKIWteH6vLFiwfDiwpAiwJyvu1xIs1xxp1xjmJyxkqALijDLiHFLi4HMjtINk5JTm" /><g i="17" c="1300" p="#^cB5e%cBHkSCLi9FLilGLiiHbjfIDjKIjkdJ_koJPlAJEmAJoo%AJ$v%8G$v%8G9p8G6nXFzmLF0mfFIlLEnl0Enl9DnluCOlPBcmvB2ncBTncBvp%cB$v%Mx$v%Mx5e" /><g i="18" c="1301" p="%^OxghOx5eeB5eeBgh^Ox$vOx1jeB1jeB$v" /><g i="19" c="1302" p="#^Ex$v%Ex5e%4B5e%4BykFCLiQELibHLiKItkiKamiKnpiKIsIIvu7HiwTEiwMDiwGCKvBBavQA5u%QA$v^2Bep2BfrGBdszCBt2EBtaFBtZFDsNGErNGzpNGknZFmm9FnlVDnlGCnlSBkm2Bhn2Bep" /><g i="20" c="1303" p="#^Vwaq%qAQpKABrIBrsGCgtkEgt3GgtYGxsRHNrRHNqRH9qtHJp5Hgp9GXoxFIogD9omAqnbznmyxVkyxNiyxphjydg5z1fyAqe$BOd3EOdrHOd8JhfRKLgXKdj%kHnj5H_hkGohzFNg1ENgsCNgzBqh$ARh$Axi$AajxBDjdCckREQkuHrlLI6m0KMmKKWnsL4psLNqsLjsBKFtKJ$uaIFvCGjwhEjwUAjw3zLufxatVwaq" /><g i="21" c="1304" p="#^Ix1j%VA1j%VAWkwBYjACmjEDLiXELibHLiMIwklKhmlKrplKHsLIvuaHiwVEiwRDiwZCTv5Crv8Bou%8BXA%IxXA^5Bip5BurYBxsQCAt3EAtgFAt3GDsSGFrSGtpSGqn1GrmdFsl$DslLCslWBqm5Bon5Bip" /><g i="22" c="1305" p="#^Qx5e%ZE5e5H5e8IgebJre$J$eQKzfnLvgXLrhXLBiXLSjfLVkAKYlqJum3LYmXL6oPMfpPMOqPM1seMbtGLkuHK1vIJJvgITvmHZvVD$v%Qx$v^rB4h%rBdl%ODdlVFdlqG9lmH2lUHwkqI_jqI6jqIhiYHMhvHehBG7h3G4hvD4h^rBco%rBZs%NEZsKGZsgHSs4IIsAI8s5JAr5JDq5JQpHIgpiIIozHsoQGcomEco" /><g i="23" c="1310" p="%^ZN$v1K$vtIXrjBXrQz$v$v$vYC5eOG5e^jHVoPEgipCVo" /><g i="24" c="1311" p="%^cA$v6w1jrz1jRBwr5E1jpH1jzJwr2M1jrP1jgL$vZH$vJFFnxD$v" /><g i="25" c="1312" p="#^$wkp$wDnQx1mGyqkdABjMBLiGDLiCGLiuIFknKzmnKupnKqstImuAGiwHDiwVBiwhAuvGyGuQx7t$wzr$wkp^wAvpwArrqBtslCvtGDvt0FvtWFtsRGrrRGupRGBnWFAm0FylGDyllCylqBAmwABnwAvp" /><g i="26" c="1313" p="%^jG$vjG2u#BF5vrEIv#iDiw0Ciw#IAiwGzJv#Ey8vay6u#Jx3tJxerJx1j9B1j9B_o#9BJrlBks#xBXs0Cjt#wCGthDGt#9EGtREbt#yFIsOF_r#3Ggr3Guo3G1jvJ1jvJ$v^EzlhEzoeBCoeBClh^WElhWEoeTHoeTHlh" /><g i="27" c="1314" p="%^Sx$vSx5emB5eII4qII5e2M5e2M$vqI$vcBgkcB$v" /><g i="28" c="1315" p="%^Gx$vGx5e6B5e6BBn7F1jlJ1jVEMnFJ$vXF$vHC9q6BRr6B$v" /><g i="29" c="1316" p="%^Qx$vQx5e4L5e4L7hrB7hrB5lpK5lpK7orB7orBZsqLZsqL$v" /><g i="30" c="1317" p="#^$wkp$wDnQx1mGyqkdABjMBLiGDLiCGLiuIFknKzmnKupnKqstImuAGiwHDiwVBiwhAuvGyGuQx7t$wzr$wkp^wAvpwArrqBtslCvtGDvt0FvtWFtsRGrrRGupRGBnWFAm0FylGDyllCylqBAmwABnwAvp^Fzlh%Fzoe%CCoe%CClh^XElh%XEoe%UHoe%UHlh" /></glyphs></font><font id="30" name="Arial Charset1 65Pwcd6zykt"><glyphs><g i="0" c="880" p="#^8xfq%nz2qxzor6AfsHA6tUBFt6DbuEEbu_Fbu0HNt3IntzIGs4JZr4J7r4JiqBIGp6I1p_GCogGkoODKnkB8nlACm3zXlryYkPxYjPxJiPxmhAybglz$ePAoeiCNd5ENd5GNdCHqe7J2fXJigMKyhQK7j%zIijnIBhjHKggGTfcETf2CTf3BFg5Arh5Azi5AwjNA8ktBMklEqleH4mjIzmSJhnCKoomLvpmLXqmLmsxKDtJJUubIBvFGiwLEiwkCiwHABv2zTu6ystbx1s8xfq" /><g i="1" c="881" p="#^ExZA%Ex1j%Ez1j%EzIklAJjeBej7CKioDKi2FKijGBjBHrkeI$lUIynUIppUIpraI$ssHBu5GsvKEiweDiw8CiwgBQvoAmvRzEu%RzZA^DzApDz4sDAhtEBuu4DuuxEuuAFftDG$rDGopDGVmBFHlAEsk9DskMBskHAMlDz4nDzAp" /><g i="2" c="882" p="#^Dx$v%Dx1j%Cz1j%Cz_kmACj$AajEBKipCKiwDKiGErj%UDtl5D$kiC$kAB$k$ArlrASlbADmQzOnQzcp%Qz$v" /><g i="3" c="883" p="#^6GpuTErvLDTvDCiwkBiwbziw2yfvVwcuVwAsVwDrkxRqMx2qtyApaz5p2ARoHAGo$BvoFEcoWFMnXFjnXFbnXFRljFhltEykPCykgBykwA5lNzDlrz0n%hxJmzxkleyukVyEjaAbjsBKi7DKiNEKiPF7jSGvjlH5kQHHk0IBl8I9m8IDn%8Izq8IDthIruqIfvRI$v%yG$vcGjv6Gpu^WFupJEZpjCjqZAvqpALqSz$qyztrfzXrfzwsfzotVz_tAAAuSBAu7DAu6E0u5FstzFusWFLrWFhq" /><g i="4" c="886" p="#^6Gfr%gIyrVHMtrG1v_EiwTCiwcAiwByzu_wPs_wzp_wsnGxTlnyikNzwjcBKiTCKi$EKikGOjGHSk3IRm%WFanCFSlQEcl3EykZCykjBykhAKlfzWmfzvpfz6seAiteBuuRCuu8Euu$EHtTFUs6Gfr" /><g i="5" c="887" p="#^Ex$v%Ex5e%Rz5e%RzvknBKiJDKi9FKidGijhHSjKHSkcISlcIMn%cI$v%$F$v%$FMn$F7mhFnlzEDkgDDkhCDkqB7lzADlcAvmRzmnRzUo%Rz$v" /><g i="6" c="888" p="#^ex4x%nzoxwzny7AQyXAszmCszTDszIEQyxFdyQF7x$Frw_FiuyE$vpC$vKz$vgy3uOw7sOwrpOwAntx0m8yrkpzBjHAKipCKiIEKibGBk%bG1j%dI1j%dIeudIgxBHxy_GOzEFxAjEgBmCgB2AgBCydAbxazex4x^3zhp3zQr4A0t5BbuCCbu7Ebu8F0taGRraGlpaGZm6FMl3EykACyk6Byk4AKl3zWm3zhp" /><g i="7" c="889" p="#^xGPr%OI6sfI5uOGcvlFiw5DiwfAiwAyyuWwNsWwDpWwlmByykhAKiZCKiAFKidHvkTIgmTIupTIGpSI4q%bz4qizcsoAltuBuu6DuujEuuaFRt1GctxGPr^jzgo%zGgopGDmJFPlFEyk$CykuByksAzlqzzmjzgo" /><g i="8" c="895" p="#^Ex$v%Ex1j%Dz1j%DzSk2BKiLDKiWEKiVF9jUGzjnHfkSHXk3ITlbIumbI$n%bI$v%_F$v%_F6o_FMmJF5mtFqlPE1l9EEkhDEkTBEkSAxlRzqmRzVo%Rz$v" /><g i="9" c="896" p="%^uw$vuwduJEKk#jDPkeCPkZwPkZw1jzH1jzHtkyAIsbzdu#GA6uYB6uYH6uYH$v" /><g i="10" c="897" p="%^dyxldy1jJA1jJAxl^dy$vdyvtJAvtJA$v#JAnxdAdy#Kz4zHyyz4yBy#Myiy5zIx#qz6xsz$v" /><g i="11" c="898" p="#" /><g i="12" c="899" p="#^sC1u%MCZvQBaw5BawUzawezOvAypvjyOu2yau2ybs%2yKk%qwKk%qw1j%2y1j%2yPf%fAve%fA1j%sC1j%sCKk%fAKk%fAjsfAgtmAxttAOtKAZt$A7uuB7uRB7usC1u" /><g i="13" c="907" p="%^FxDgFx5eSz5eSzDg^Fx$vFx1jSz1jSz$v" /><g i="14" c="909" p="#^4G$v%4GmuQEiwrCiwUAiwAzrvhyAuzx2tSwwrSwwpSwAnvx$l8ypkrzAjKAKikCKivDKipEejkFJjVFvk%VF5e%6I5e%6I$v^7zwp7z$raAftdBuuECuu5Euu5Fjt6G7s6GIp6G1n4FOl2EykyCyk4Byk5ALl7zXm7zwp" /><g i="15" c="930" p="%^gy$vgyvtMAvtMA$v" /><g i="16" c="975" p="#^8G$v%8G5uDEiw0CiwTAiwTzSvTypvoyKuWx3uJx6tBxtsBx3r%Bx1j%Oz1j%OzdqOzXrWzys7AptOAVttBpusCpusDpujEVtaFotxFwsVFErVFZp%VF1j%6I1j%6I$v" /><g i="17" c="1300" p="#^QwwpQwVlQyakvAKiVCKiAFKihHuk_Iem_Ikp_IQrdIgttHIu1GvvCEiwVCiwbAiwvyyuQwOsQwwp^5zvp5z$raAftfBuuVCuuyEuuDFetJG_rJGqpJG0nDFNlxEykVCykfBykaANl5z0n5zvp" /><g i="18" c="1301" p="#^Ex$v%Ex1j%Cz1j%CzRkdAUjeBjjfCKiyDKi_EKiVFkjQGWjcH$kLIKidLKi8NKiaOOjdPSkdP5n%dP$v%0N$v%0NQn0NvmOMWlBMll1M$ktLEkJKEklJEkrIylyHsmyHso%yH$v%lF$v%lFznlF5mOEnlgEEk2DEk7CEkkB7lyAClbAymRzunRzgp%Rz$v" /><g i="19" c="1302" p="%^Bx$vBx5eOz5eOz$v" /><g i="20" c="1303" p="#^Mw7s%XyNr6z4tXzNtNAuuiCuuPDuuyETthFfthFqshFGrDEfraEYqnCvqYzUp0zsp4y$oBxdo7xqn7xtm7xBlwxSkVx7kByDj6zfj$z$iUAKiVBKirDKiBEajLFCjiGmkRG6l3Hnm%VEGmLEFl2E6llDyk3CykyAykUz2lfzylfzcmfzEmwz_mNzknmAznHAHniC7oEELozF9puGyp0HjqyH3ryHbsyHhtUGfufGdv1FMvQDiwjCiwNziwsyfv7xbuMw7s" /><g i="21" c="1304" p="%^gC6tgCcooxcoox9mgC9mgChhlEhhlE9mdJ9mdJcolEcolE6t" /><g i="22" c="1305" p="#^Hz$v%Ex$v%Ex5e%Rz5e%RzukeBKioDKiAEKiEFdjJGHjpHzk5IrluIGmUIVnUIjpUIEseHtuBFiwhDiw_AiwHzmu^FzppFzKrhANsjBuu4DuuwEuuzFetDGZrDGvpDGYmCFLlCEykbDykLBykIAOlFz2nFzpp" /><g i="23" c="1310" p="%^_x$v_x5eVK5eVKcgmAcgmAHleKHleKOnmAOnmAUtkLUtkL$v" /><g i="24" c="1311" p="#^FJ5e%1M5e%1Mqo1M7rpLJsOKiucJivDHiw1FiwwCiwWArvkzzuEyWsZxgrZxqo%Zx5e%lA5e%lApolALqMASrcBYsfCztjD9uQE9urH9uyIZsFJNrFJpo^yB$c%yBva%RDva%RD$c^6G$c%6Gva%pIva%pI$c" /><g i="25" c="1312" p="%^Fx$vFx5eSz5eSzio2F1jVH1jXCRnpI$vHF$vnBmpSzRqSz$v" /><g i="26" c="1313" p="#^8G$v%8G5uDEiw0CiwTAiwTzSvTypvoyKuWx3uJx6tBxtsBx3r%Bx1j%Oz1j%OzdqOzXrWzys7AptOAVttBpusCpusDpujEVtaFotxFwsVFErVFZp%VF1j%6I1j%6I$v^pzqh%pzWe%IBWe%IBqh^ZDqh%ZDWe%gGWe%gGqh" /><g i="27" c="1314" p="#^DxEg%Dx5e%Qz5e%QzEg^Ru1B%fv9zVvlziwlzZwlzixUyDxryDxFw%Dx1j%Qz1j%QzIwQz5zcz1ApygBzwgBGvgBRu1B" /><g i="28" c="1315" p="%^0A$v3w1jky1jpAwq9Bit#bB5tQBDqVD1j9G1j5IyqJI1tuJwqIL1jRN1jNJ$vwH$vsFeoXE0miC$v" /><g i="29" c="1316" p="#^Qx$v%Qx5e%yE5eBG5eQHEe4JafNJjguKrhuKGiuKQjSJRkeJSl_HumBJYmtK6olLfplLPqlL3sPK8thKduvJPuJIovxHIvmG$vEE$v^cADl%3EDlEFDljGpleH8lHHwk9IUj9IYi9I3iJHohiHIgvGsgIFcgNDcg%cAcg^cAUt%FEUtPFUtgGOt5HFtEHjtbIZsyIjsVIFrVIPqVIOpoI3pTHkoYG1o2GKnlEKn%cAKn" /><g i="30" c="1317" p="#^eB$v%jw1j%Dy1j%pBOqSB2sdCptxCns2DXq%XF1j%cI1j%hD$v" /><g i="31" c="1318" p="#^Wx$v%Wx5e%4E5eaG5egHleOIIeTJDfjLQg0MHiJMykJMXmJM_oeMzqML7s0LatgKcunJOuvInvfHHv$F$vnE$v^iAUt%5EUtTFUtTGztUHdtuIDskJNrOJmqhKXohKVmhK5kmJBirI4h6Hzg9Gcg2Ecg%iAcg" /><g i="32" c="1319" p="#^6GpuTErvLDTvDCiwkBiwbziw2yfvVwcuVwAsVwDrkxRqMx2qtyApaz5p2ARoHAGo$BvoFEcoWFMnXFjnXFbnXFRljFhltEykPCykgBykwA5lNzDlrz0n%hxJmzxkleyukVyEjaAbjsBKi7DKiNEKiPF7jSGvjlH5kQHHk0IBl8I9m8IDn%8Izq8IDthIruqIfvRI$v%yG$vcGjv6Gpu^WFupJEZpjCjqZAvqpALqSz$qyztrfzXrfzwsfzotVz_tAAAuSBAu7DAu6E0u5FstzFusWFLrWFhq^Mzqh%MzWe%3CWe%3Cqh^kEqh%kEWe%DGWe%DGqh" /><g i="33" c="1320" p="#^QwwpQwVlQyakvAKiVCKiAFKihHuk_Iem_Ikp_IQrdIgttHIu1GvvCEiwVCiwbAiwvyyuQwOsQwwp^5zvp5z$raAftfBuuVCuuyEuuDFetJG_rJGqpJG0nDFNlxEykVCykfBykaANl5z0n5zvp^Hzqh%HzWe%_BWe%_Bqh^fEqh%fEWe%yGWe%yGqh" /><g i="34" c="1321" p="#^ay$v%ayKk%ewKk%ew1j%ay1j%ayEhaylgoyIfJyRewzkejAOdLBOdHCOdPD0e%uDWfOCPfbCPfbBPfMAegmAFgmAQh%mA1j%UC1j%UCKk%nAKk%nA$v" /><g i="35" c="1322" p="%^2y$v2y5e7K5e7KcgqAcgqALlPILlPISnqASnqA$v" /></glyphs></font></bwFonts>