<?xml version="1.0" standalone="no"?>
<manifest identifier="_6PD8Zwvl6Wc_course_id" version="1.3" xmlns="http://www.imsglobal.org/xsd/imscp_v1p1" xmlns:adlcp="http://www.adlnet.org/xsd/adlcp_v1p3" xmlns:adlseq="http://www.adlnet.org/xsd/adlseq_v1p3" xmlns:adlnav="http://www.adlnet.org/xsd/adlnav_v1p3" xmlns:imsss="http://www.imsglobal.org/xsd/imsss" xmlns:xsi="http://www.w3.org/2001/XMLSchema-instance" xsi:schemaLocation="http://www.imsglobal.org/xsd/imscp_v1p1 imscp_v1p1.xsd
                        http://www.adlnet.org/xsd/adlcp_v1p3 adlcp_v1p3.xsd
                        http://www.adlnet.org/xsd/adlseq_v1p3 adlseq_v1p3.xsd
                        http://www.adlnet.org/xsd/adlnav_v1p3 adlnav_v1p3.xsd
                        http://www.imsglobal.org/xsd/imsss imsss_v1p0.xsd">
  <metadata>
    <schema>ADL SCORM</schema>
    <schemaversion>CAM 1.3</schemaversion>
    <adlcp:location>metadata.xml</adlcp:location>
  </metadata>
  <organizations default="Verbtester-besondere_Verben_ORG">
    <organization identifier="Verbtester-besondere_Verben_ORG" adlseq:objectivesGlobalToSystem="false">
      <title>Verbtester-besondere_Verben</title>
      <item identifier="Verbtester_SCO" identifierref="__6PD8Zwvl6Wc_course_id_RES" isvisible="true">
        <title>Verbtester-besondere_Verben</title>
        <imsss:sequencing>
          <imsss:controlMode choice="true" flow="true" />
          <imsss:deliveryControls tracked="true" completionSetByContent="true" objectiveSetByContent="true" />
        </imsss:sequencing>
      </item>
      <metadata>
        <adlcp:location>metadata.xml</adlcp:location>
      </metadata>
      <imsss:sequencing>
        <imsss:controlMode choice="true" flow="true" />
        <imsss:deliveryControls tracked="true" completionSetByContent="false" objectiveSetByContent="false" />
      </imsss:sequencing>
    </organization>
  </organizations>
  <resources>
    <resource identifier="__6PD8Zwvl6Wc_course_id_RES" type="webcontent" adlcp:scormType="sco" href="launcher.html">
      <file href="story_content/thumbnail.jpg" />
      <file href="story_content/Slide5aRhaaMXKqJ.swf" />
      <file href="meta.xml" />
      <file href="story_content/frame.xml" />
      <file href="story_content/frame.js" />
      <file href="story_content/user.js" />
      <file href="mobile/app_store.png" />
      <file href="mobile/mobile_icon.png" />
      <file href="mobile/linen_background.jpg" />
      <file href="story_unsupported.html" />
      <file href="mobile/Slide5aRhaaMXKqJ.jpg" />
      <file href="mobile/player.css" />
      <file href="mobile/player_compiled.js" />
      <file href="story_content/FontFactory.swf" />
      <file href="story_content/fonts.swf" />
      <file href="story_content/fonts.xml" />
      <file href="mobile/fonts.js" />
      <file href="story.swf" />
      <file href="story_content/frame.swf" />
      <file href="story_content/slides/6mlQmp7f0nQ.swf" />
      <file href="story_content/slides/6SUqLP91v4Z.swf" />
      <file href="mobile/slides/6mlQmp7f0nQ.gz" />
      <file href="mobile/slides/6SUqLP91v4Z.gz" />
      <file href="story_content/slides/6UmlM8fgY0a.swf" />
      <file href="mobile/slides/6UmlM8fgY0a.gz" />
      <file href="mobile/slides/6mlQmp7f0nQ.js" />
      <file href="mobile/slides/6SUqLP91v4Z.js" />
      <file href="mobile/slides/6UmlM8fgY0a.js" />
      <file href="story_content/slides/5vX7ym3O9Ks.swf" />
      <file href="mobile/slides/5vX7ym3O9Ks.gz" />
      <file href="story_content/slides/5qj8KLbQoI0.swf" />
      <file href="mobile/slides/5qj8KLbQoI0.gz" />
      <file href="story_content/slides/5wxeSlXr8rb.swf" />
      <file href="mobile/slides/5wxeSlXr8rb.gz" />
      <file href="story_content/slides/6HvnytsAJnz.swf" />
      <file href="mobile/slides/6HvnytsAJnz.gz" />
      <file href="story_content/slides/6pr1IzPfLLn.swf" />
      <file href="story_content/slides/6ECvrYuMpMI.swf" />
      <file href="story_content/slides/5bzI6li6sW4.swf" />
      <file href="story_content/slides/5cCPFyFGIeD.swf" />
      <file href="mobile/slides/6pr1IzPfLLn.gz" />
      <file href="mobile/slides/5bzI6li6sW4.gz" />
      <file href="mobile/slides/6ECvrYuMpMI.gz" />
      <file href="mobile/slides/5cCPFyFGIeD.gz" />
      <file href="story_content/slides/5WJZBKc3O3R.swf" />
      <file href="story_content/slides/6XHMA6qi63r.swf" />
      <file href="mobile/slides/6XHMA6qi63r.gz" />
      <file href="story_content/slides/5aiaiJARD1J.swf" />
      <file href="mobile/slides/5aiaiJARD1J.gz" />
      <file href="mobile/slides/5WJZBKc3O3R.gz" />
      <file href="story_content/slides/61FJkZLPQxc.swf" />
      <file href="mobile/slides/61FJkZLPQxc.gz" />
      <file href="story_content/slides/5nGO7HbXMAD.swf" />
      <file href="mobile/slides/5nGO7HbXMAD.gz" />
      <file href="story_content/slides/5gNZ1F9AqW4.swf" />
      <file href="mobile/slides/5gNZ1F9AqW4.gz" />
      <file href="story_content/slides/5d0EXb0dEw6.swf" />
      <file href="mobile/slides/5d0EXb0dEw6.gz" />
      <file href="story_content/slides/6PrThUmI6uj.swf" />
      <file href="mobile/slides/6PrThUmI6uj.gz" />
      <file href="story_content/slides/6mNF9fGVdCL.swf" />
      <file href="mobile/slides/6mNF9fGVdCL.gz" />
      <file href="story_content/slides/5rbB3eFZpGK.swf" />
      <file href="mobile/slides/5rbB3eFZpGK.gz" />
      <file href="story_content/slides/5cDqwnYG1Uu.swf" />
      <file href="mobile/slides/5cDqwnYG1Uu.gz" />
      <file href="story_content/slides/5yKKThh473E.swf" />
      <file href="mobile/slides/5yKKThh473E.gz" />
      <file href="mobile/slides/5qj8KLbQoI0.js" />
      <file href="mobile/slides/5cCPFyFGIeD.js" />
      <file href="mobile/slides/5wxeSlXr8rb.js" />
      <file href="mobile/slides/6HvnytsAJnz.js" />
      <file href="mobile/slides/61FJkZLPQxc.js" />
      <file href="mobile/slides/5bzI6li6sW4.js" />
      <file href="mobile/slides/5vX7ym3O9Ks.js" />
      <file href="mobile/slides/6pr1IzPfLLn.js" />
      <file href="mobile/slides/6ECvrYuMpMI.js" />
      <file href="mobile/slides/5nGO7HbXMAD.js" />
      <file href="mobile/slides/5WJZBKc3O3R.js" />
      <file href="mobile/slides/6XHMA6qi63r.js" />
      <file href="mobile/slides/5d0EXb0dEw6.js" />
      <file href="mobile/slides/5aiaiJARD1J.js" />
      <file href="mobile/slides/6mNF9fGVdCL.js" />
      <file href="mobile/slides/5gNZ1F9AqW4.js" />
      <file href="mobile/slides/5rbB3eFZpGK.js" />
      <file href="mobile/slides/6PrThUmI6uj.js" />
      <file href="mobile/slides/5yKKThh473E.js" />
      <file href="mobile/slides/5cDqwnYG1Uu.js" />
      <file href="story_content/data.swf" />
      <file href="mobile/data.gz" />
      <file href="mobile/data.js" />
      <file href="mobile/masks.js" />
      <file href="story.html" />
      <file href="story_html5.html" />
      <file href="index_lms_html5.html" />
      <file href="story_content/blank.html" />
      <file href="launcher.html" />
      <file href="story_content/orange_launch_normal.gif" />
      <file href="story_content/story.js" />
      <file href="amplaunch.html" />
      <file href="mobile/mobileinstall.html" />
      <file href="index_lms.html" />
      <file href="lms/AICCComm.html" />
      <file href="lms/AICCFunctions.js" />
      <file href="lms/API.js" />
      <file href="lms/APIConstants.js" />
      <file href="lms/blank.html" />
      <file href="lms/browsersniff.js" />
      <file href="lms/Configuration.js" />
      <file href="lms/goodbye.html" />
      <file href="lms/lms.js" />
      <file href="lms/LMSAPI.js" />
      <file href="lms/NONEFunctions.js" />
      <file href="lms/SCORM2004Functions.js" />
      <file href="lms/SCORMFunctions.js" />
      <file href="lms/UtilityFunctions.js" />
    </resource>
  </resources>
</manifest>