<?xml version="1.0" standalone="no"?>
<manifest identifier="_6oLD32ZrS6V_course_id" version="1.3" xmlns="http://www.imsglobal.org/xsd/imscp_v1p1" xmlns:adlcp="http://www.adlnet.org/xsd/adlcp_v1p3" xmlns:adlseq="http://www.adlnet.org/xsd/adlseq_v1p3" xmlns:adlnav="http://www.adlnet.org/xsd/adlnav_v1p3" xmlns:imsss="http://www.imsglobal.org/xsd/imsss" xmlns:xsi="http://www.w3.org/2001/XMLSchema-instance" xsi:schemaLocation="http://www.imsglobal.org/xsd/imscp_v1p1 imscp_v1p1.xsd
                        http://www.adlnet.org/xsd/adlcp_v1p3 adlcp_v1p3.xsd
                        http://www.adlnet.org/xsd/adlseq_v1p3 adlseq_v1p3.xsd
                        http://www.adlnet.org/xsd/adlnav_v1p3 adlnav_v1p3.xsd
                        http://www.imsglobal.org/xsd/imsss imsss_v1p0.xsd">
  <metadata>
    <schema>ADL SCORM</schema>
    <schemaversion>CAM 1.3</schemaversion>
    <adlcp:location>metadata.xml</adlcp:location>
  </metadata>
  <organizations default="Lautwandel_ORG">
    <organization identifier="Lautwandel_ORG" adlseq:objectivesGlobalToSystem="false">
      <title>Lautwandel</title>
      <item identifier="Verbtester_SCO" identifierref="__6oLD32ZrS6V_course_id_RES" isvisible="true">
        <title>Lautwandel</title>
        <imsss:sequencing>
          <imsss:controlMode choice="true" flow="true" />
          <imsss:deliveryControls tracked="true" completionSetByContent="true" objectiveSetByContent="true" />
        </imsss:sequencing>
      </item>
      <metadata>
        <adlcp:location>metadata.xml</adlcp:location>
      </metadata>
      <imsss:sequencing>
        <imsss:controlMode choice="true" flow="true" />
        <imsss:deliveryControls tracked="true" completionSetByContent="false" objectiveSetByContent="false" />
      </imsss:sequencing>
    </organization>
  </organizations>
  <resources>
    <resource identifier="__6oLD32ZrS6V_course_id_RES" type="webcontent" adlcp:scormType="sco" href="launcher.html">
      <file href="story_content/thumbnail.jpg" />
      <file href="story_content/Slide5aRhaaMXKqJ.swf" />
      <file href="story_content/Shape5nh4RjMHzAL.swf" />
      <file href="story_content/Shape5jUffh4yAh2.swf" />
      <file href="story_content/Shape6YoPouSz6F7.swf" />
      <file href="story_content/Shape6J5MEIDbzrj.swf" />
      <file href="story_content/Shape5skJvZ3gwFZ.swf" />
      <file href="story_content/Shape65sSilJ7PM2.swf" />
      <file href="story_content/Shape6fut5hlwl7t.swf" />
      <file href="story_content/Shape5gpvQS7lYQ3.swf" />
      <file href="story_content/Shape5sMG2sTvwyd.swf" />
      <file href="story_content/Shape5mLqrUW6PfM.swf" />
      <file href="story_content/Shape6A1VtwurCjL.swf" />
      <file href="story_content/Shape6f1HFQhyLC7.swf" />
      <file href="story_content/Shape6UEq1CaNOeB.swf" />
      <file href="story_content/Shape6F8u0xO298W.swf" />
      <file href="story_content/Shape5bUr1TdcHJw.swf" />
      <file href="meta.xml" />
      <file href="story_content/frame.xml" />
      <file href="story_content/frame.js" />
      <file href="story_content/user.js" />
      <file href="mobile/app_store.png" />
      <file href="mobile/mobile_icon.png" />
      <file href="mobile/linen_background.jpg" />
      <file href="story_unsupported.html" />
      <file href="mobile/Slide5aRhaaMXKqJ.jpg" />
      <file href="mobile/player.css" />
      <file href="mobile/player_compiled.js" />
      <file href="story_content/FontFactory.swf" />
      <file href="story_content/fonts.swf" />
      <file href="story_content/fonts.xml" />
      <file href="mobile/fonts.js" />
      <file href="story.swf" />
      <file href="story_content/frame.swf" />
      <file href="story_content/slides/6mlQmp7f0nQ.swf" />
      <file href="story_content/slides/6SUqLP91v4Z.swf" />
      <file href="story_content/slides/6iXO5E2A4Lc.swf" />
      <file href="mobile/slides/6mlQmp7f0nQ.gz" />
      <file href="mobile/slides/6SUqLP91v4Z.gz" />
      <file href="mobile/slides/6iXO5E2A4Lc.gz" />
      <file href="mobile/slides/6mlQmp7f0nQ.js" />
      <file href="mobile/slides/6SUqLP91v4Z.js" />
      <file href="mobile/slides/6iXO5E2A4Lc.js" />
      <file href="story_content/slides/6cHUzqJ4dls.swf" />
      <file href="mobile/slides/6cHUzqJ4dls.gz" />
      <file href="story_content/slides/5mjaZo1ZYId.swf" />
      <file href="mobile/slides/5mjaZo1ZYId.gz" />
      <file href="mobile/slides/6cHUzqJ4dls.js" />
      <file href="mobile/slides/5mjaZo1ZYId.js" />
      <file href="story_content/slides/60xAm25hdZh.swf" />
      <file href="mobile/slides/60xAm25hdZh.gz" />
      <file href="story_content/slides/6qIjwQuBo2Z.swf" />
      <file href="mobile/slides/6qIjwQuBo2Z.gz" />
      <file href="mobile/slides/60xAm25hdZh.js" />
      <file href="mobile/slides/6qIjwQuBo2Z.js" />
      <file href="story_content/slides/6k1XcZVQ7Sg.swf" />
      <file href="mobile/slides/6k1XcZVQ7Sg.gz" />
      <file href="story_content/slides/6UFipho7naC.swf" />
      <file href="mobile/slides/6UFipho7naC.gz" />
      <file href="mobile/slides/6k1XcZVQ7Sg.js" />
      <file href="mobile/slides/6UFipho7naC.js" />
      <file href="story_content/slides/5m3CUR4kdEy.swf" />
      <file href="story_content/slides/6PT9fuevOML.swf" />
      <file href="story_content/slides/6OB7l8c08Yf.swf" />
      <file href="story_content/slides/6XkWn0ki8SO.swf" />
      <file href="story_content/slides/6lqSh6XgF76.swf" />
      <file href="story_content/slides/6AnH3lAbrYM.swf" />
      <file href="mobile/slides/6AnH3lAbrYM.gz" />
      <file href="mobile/slides/6OB7l8c08Yf.gz" />
      <file href="mobile/slides/6XkWn0ki8SO.gz" />
      <file href="mobile/slides/6PT9fuevOML.gz" />
      <file href="mobile/slides/5m3CUR4kdEy.gz" />
      <file href="mobile/slides/6lqSh6XgF76.gz" />
      <file href="story_content/slides/6WReQaMsrrZ.swf" />
      <file href="story_content/slides/6AUtcTjDb22.swf" />
      <file href="mobile/slides/6WReQaMsrrZ.gz" />
      <file href="mobile/slides/6AUtcTjDb22.gz" />
      <file href="mobile/slides/6OB7l8c08Yf.js" />
      <file href="story_content/slides/5yVcZ01X1OP.swf" />
      <file href="mobile/slides/6AnH3lAbrYM.js" />
      <file href="mobile/slides/5yVcZ01X1OP.gz" />
      <file href="mobile/slides/6WReQaMsrrZ.js" />
      <file href="mobile/slides/6XkWn0ki8SO.js" />
      <file href="mobile/slides/5m3CUR4kdEy.js" />
      <file href="mobile/slides/6lqSh6XgF76.js" />
      <file href="story_content/slides/5oPmhyGuEe8.swf" />
      <file href="mobile/slides/6AUtcTjDb22.js" />
      <file href="mobile/slides/6PT9fuevOML.js" />
      <file href="story_content/slides/5Zd9naOrsWs.swf" />
      <file href="mobile/slides/5oPmhyGuEe8.gz" />
      <file href="story_content/slides/5nTLJ1giLjf.swf" />
      <file href="mobile/slides/5Zd9naOrsWs.gz" />
      <file href="mobile/slides/5nTLJ1giLjf.gz" />
      <file href="story_content/slides/6h280vhJJq6.swf" />
      <file href="story_content/slides/6adcnlGeDvs.swf" />
      <file href="story_content/slides/5beqSKZ5cZP.swf" />
      <file href="mobile/slides/6h280vhJJq6.gz" />
      <file href="mobile/slides/6adcnlGeDvs.gz" />
      <file href="story_content/slides/6EiOzdYLJie.swf" />
      <file href="mobile/slides/5beqSKZ5cZP.gz" />
      <file href="mobile/slides/6EiOzdYLJie.gz" />
      <file href="mobile/slides/5yVcZ01X1OP.js" />
      <file href="story_content/slides/6jQvYv3mHC3.swf" />
      <file href="mobile/slides/6jQvYv3mHC3.gz" />
      <file href="mobile/slides/5oPmhyGuEe8.js" />
      <file href="mobile/slides/5nTLJ1giLjf.js" />
      <file href="mobile/slides/5Zd9naOrsWs.js" />
      <file href="mobile/slides/6h280vhJJq6.js" />
      <file href="story_content/slides/6Cz93XLRtbw.swf" />
      <file href="story_content/slides/5ZaOXX9dzFd.swf" />
      <file href="mobile/slides/6Cz93XLRtbw.gz" />
      <file href="mobile/slides/5beqSKZ5cZP.js" />
      <file href="mobile/slides/5ZaOXX9dzFd.gz" />
      <file href="story_content/slides/5y7RWY4DU8M.swf" />
      <file href="story_content/slides/5mpd53Kb8QN.swf" />
      <file href="mobile/slides/5y7RWY4DU8M.gz" />
      <file href="mobile/slides/5mpd53Kb8QN.gz" />
      <file href="mobile/slides/6EiOzdYLJie.js" />
      <file href="mobile/slides/6adcnlGeDvs.js" />
      <file href="story_content/slides/66ifbqjv2HW.swf" />
      <file href="story_content/slides/5pD0KSxJNk0.swf" />
      <file href="story_content/slides/5vzNG0Ten2W.swf" />
      <file href="mobile/slides/66ifbqjv2HW.gz" />
      <file href="mobile/slides/5pD0KSxJNk0.gz" />
      <file href="mobile/slides/5vzNG0Ten2W.gz" />
      <file href="mobile/slides/6jQvYv3mHC3.js" />
      <file href="story_content/slides/62G4jlf7Cfa.swf" />
      <file href="mobile/slides/62G4jlf7Cfa.gz" />
      <file href="mobile/slides/5y7RWY4DU8M.js" />
      <file href="mobile/slides/6Cz93XLRtbw.js" />
      <file href="mobile/slides/5mpd53Kb8QN.js" />
      <file href="mobile/slides/5ZaOXX9dzFd.js" />
      <file href="story_content/slides/5ysX9snIRXn.swf" />
      <file href="story_content/slides/6qcY4ppAFTn.swf" />
      <file href="mobile/slides/66ifbqjv2HW.js" />
      <file href="mobile/slides/5pD0KSxJNk0.js" />
      <file href="story_content/slides/5eEQYULtwXy.swf" />
      <file href="story_content/slides/5swFqLIVAwo.swf" />
      <file href="mobile/slides/5ysX9snIRXn.gz" />
      <file href="mobile/slides/6qcY4ppAFTn.gz" />
      <file href="mobile/slides/5vzNG0Ten2W.js" />
      <file href="mobile/slides/5eEQYULtwXy.gz" />
      <file href="mobile/slides/5swFqLIVAwo.gz" />
      <file href="story_content/slides/5pC8E3yNNwZ.swf" />
      <file href="story_content/slides/6Y6cN1tiNvi.swf" />
      <file href="mobile/slides/5pC8E3yNNwZ.gz" />
      <file href="mobile/slides/6Y6cN1tiNvi.gz" />
      <file href="story_content/slides/6RtjuX4ubjo.swf" />
      <file href="mobile/slides/6RtjuX4ubjo.gz" />
      <file href="mobile/slides/62G4jlf7Cfa.js" />
      <file href="story_content/slides/6oPG2OqPNAv.swf" />
      <file href="mobile/slides/6oPG2OqPNAv.gz" />
      <file href="mobile/slides/5ysX9snIRXn.js" />
      <file href="mobile/slides/6Y6cN1tiNvi.js" />
      <file href="story_content/slides/5cY2Bp9Ao5u.swf" />
      <file href="mobile/slides/5cY2Bp9Ao5u.gz" />
      <file href="mobile/slides/5swFqLIVAwo.js" />
      <file href="mobile/slides/6qcY4ppAFTn.js" />
      <file href="story_content/slides/6q92vV8iVoF.swf" />
      <file href="mobile/slides/5pC8E3yNNwZ.js" />
      <file href="mobile/slides/6q92vV8iVoF.gz" />
      <file href="story_content/slides/5Y90YKua5ky.swf" />
      <file href="mobile/slides/5Y90YKua5ky.gz" />
      <file href="story_content/slides/5nYUU7Ymcja.swf" />
      <file href="mobile/slides/6RtjuX4ubjo.js" />
      <file href="mobile/slides/5eEQYULtwXy.js" />
      <file href="mobile/slides/5nYUU7Ymcja.gz" />
      <file href="mobile/slides/6oPG2OqPNAv.js" />
      <file href="story_content/slides/5bjSpA2vn3O.swf" />
      <file href="mobile/slides/5bjSpA2vn3O.gz" />
      <file href="story_content/slides/6Xf15QmUlOr.swf" />
      <file href="mobile/slides/6Xf15QmUlOr.gz" />
      <file href="story_content/slides/606HdwM4d9f.swf" />
      <file href="mobile/slides/606HdwM4d9f.gz" />
      <file href="mobile/slides/5cY2Bp9Ao5u.js" />
      <file href="story_content/slides/6OFcXbODLto.swf" />
      <file href="mobile/slides/6OFcXbODLto.gz" />
      <file href="story_content/slides/5mupLbJoKnf.swf" />
      <file href="mobile/slides/5mupLbJoKnf.gz" />
      <file href="mobile/slides/6q92vV8iVoF.js" />
      <file href="story_content/slides/60Ka5eWDXXk.swf" />
      <file href="mobile/slides/60Ka5eWDXXk.gz" />
      <file href="mobile/slides/5nYUU7Ymcja.js" />
      <file href="mobile/slides/5Y90YKua5ky.js" />
      <file href="mobile/slides/606HdwM4d9f.js" />
      <file href="mobile/slides/6OFcXbODLto.js" />
      <file href="story_content/slides/5vYRIoCqaBf.swf" />
      <file href="story_content/slides/6fQd27lSktS.swf" />
      <file href="mobile/slides/5vYRIoCqaBf.gz" />
      <file href="story_content/slides/64AVD9nUpW4.swf" />
      <file href="story_content/slides/5uW0IeG2dFT.swf" />
      <file href="mobile/slides/6fQd27lSktS.gz" />
      <file href="mobile/slides/64AVD9nUpW4.gz" />
      <file href="mobile/slides/5uW0IeG2dFT.gz" />
      <file href="mobile/slides/5mupLbJoKnf.js" />
      <file href="mobile/slides/5bjSpA2vn3O.js" />
      <file href="story_content/slides/6HXfeNepNSa.swf" />
      <file href="story_content/slides/63H3LNhmOU4.swf" />
      <file href="mobile/slides/6HXfeNepNSa.gz" />
      <file href="mobile/slides/63H3LNhmOU4.gz" />
      <file href="mobile/slides/60Ka5eWDXXk.js" />
      <file href="mobile/slides/6Xf15QmUlOr.js" />
      <file href="mobile/slides/5vYRIoCqaBf.js" />
      <file href="story_content/slides/5oSU0wxrMID.swf" />
      <file href="story_content/slides/6rQnMnEwOXN.swf" />
      <file href="mobile/slides/5oSU0wxrMID.gz" />
      <file href="mobile/slides/6rQnMnEwOXN.gz" />
      <file href="mobile/slides/6fQd27lSktS.js" />
      <file href="mobile/slides/5uW0IeG2dFT.js" />
      <file href="story_content/slides/6b30WKcyNr2.swf" />
      <file href="mobile/slides/6b30WKcyNr2.gz" />
      <file href="mobile/slides/64AVD9nUpW4.js" />
      <file href="story_content/slides/6pETRWIZrtS.swf" />
      <file href="mobile/slides/6pETRWIZrtS.gz" />
      <file href="mobile/slides/6HXfeNepNSa.js" />
      <file href="story_content/slides/6LE5Y3arvgm.swf" />
      <file href="mobile/slides/6LE5Y3arvgm.gz" />
      <file href="mobile/slides/63H3LNhmOU4.js" />
      <file href="mobile/slides/6b30WKcyNr2.js" />
      <file href="mobile/slides/5oSU0wxrMID.js" />
      <file href="story_content/slides/5qcx2kxBObl.swf" />
      <file href="mobile/slides/5qcx2kxBObl.gz" />
      <file href="mobile/slides/6rQnMnEwOXN.js" />
      <file href="mobile/slides/6pETRWIZrtS.js" />
      <file href="story_content/slides/66nu3NCzAx4.swf" />
      <file href="mobile/slides/66nu3NCzAx4.gz" />
      <file href="mobile/slides/6LE5Y3arvgm.js" />
      <file href="mobile/slides/5qcx2kxBObl.js" />
      <file href="mobile/slides/66nu3NCzAx4.js" />
      <file href="story_content/data.swf" />
      <file href="mobile/data.gz" />
      <file href="mobile/data.js" />
      <file href="mobile/masks.js" />
      <file href="story.html" />
      <file href="story_html5.html" />
      <file href="index_lms_html5.html" />
      <file href="story_content/blank.html" />
      <file href="launcher.html" />
      <file href="story_content/orange_launch_normal.gif" />
      <file href="story_content/story.js" />
      <file href="amplaunch.html" />
      <file href="mobile/mobileinstall.html" />
      <file href="index_lms.html" />
      <file href="lms/AICCComm.html" />
      <file href="lms/AICCFunctions.js" />
      <file href="lms/API.js" />
      <file href="lms/APIConstants.js" />
      <file href="lms/blank.html" />
      <file href="lms/browsersniff.js" />
      <file href="lms/Configuration.js" />
      <file href="lms/goodbye.html" />
      <file href="lms/lms.js" />
      <file href="lms/LMSAPI.js" />
      <file href="lms/NONEFunctions.js" />
      <file href="lms/SCORM2004Functions.js" />
      <file href="lms/SCORMFunctions.js" />
      <file href="lms/UtilityFunctions.js" />
    </resource>
  </resources>
</manifest>